model,layers,use
vonenet_ff_ecoset,,
vonenet_ff_ecoset,vone_block,
vonenet_ff_ecoset,vone_block.simple_conv_q0,
vonenet_ff_ecoset,vone_block.simple_conv_q1,
vonenet_ff_ecoset,vone_block.simple,
vonenet_ff_ecoset,vone_block.complex,
vonenet_ff_ecoset,vone_block.gabors,
vonenet_ff_ecoset,vone_block.noise,
vonenet_ff_ecoset,vone_block.output,1
vonenet_ff_ecoset,bottleneck,
vonenet_ff_ecoset,model,
vonenet_ff_ecoset,model.V2,
vonenet_ff_ecoset,model.V2.conv_input,
vonenet_ff_ecoset,model.V2.skip,
vonenet_ff_ecoset,model.V2.norm_skip,
vonenet_ff_ecoset,model.V2.conv1,
vonenet_ff_ecoset,model.V2.nonlin1,
vonenet_ff_ecoset,model.V2.conv2,
vonenet_ff_ecoset,model.V2.nonlin2,
vonenet_ff_ecoset,model.V2.conv3,
vonenet_ff_ecoset,model.V2.nonlin3,
vonenet_ff_ecoset,model.V2.output,
vonenet_ff_ecoset,model.V2.norm1_0,
vonenet_ff_ecoset,model.V2.norm2_0,
vonenet_ff_ecoset,model.V2.norm3_0,1
vonenet_ff_ecoset,model.V4,
vonenet_ff_ecoset,model.V4.conv_input,
vonenet_ff_ecoset,model.V4.skip,
vonenet_ff_ecoset,model.V4.norm_skip,
vonenet_ff_ecoset,model.V4.conv1,
vonenet_ff_ecoset,model.V4.nonlin1,
vonenet_ff_ecoset,model.V4.conv2,
vonenet_ff_ecoset,model.V4.nonlin2,
vonenet_ff_ecoset,model.V4.conv3,
vonenet_ff_ecoset,model.V4.nonlin3,
vonenet_ff_ecoset,model.V4.output,
vonenet_ff_ecoset,model.V4.norm1_0,
vonenet_ff_ecoset,model.V4.norm2_0,
vonenet_ff_ecoset,model.V4.norm3_0,1
vonenet_ff_ecoset,model.IT,
vonenet_ff_ecoset,model.IT.conv_input,
vonenet_ff_ecoset,model.IT.skip,
vonenet_ff_ecoset,model.IT.norm_skip,
vonenet_ff_ecoset,model.IT.conv1,
vonenet_ff_ecoset,model.IT.nonlin1,
vonenet_ff_ecoset,model.IT.conv2,
vonenet_ff_ecoset,model.IT.nonlin2,
vonenet_ff_ecoset,model.IT.conv3,
vonenet_ff_ecoset,model.IT.nonlin3,
vonenet_ff_ecoset,model.IT.output,
vonenet_ff_ecoset,model.IT.norm1_0,
vonenet_ff_ecoset,model.IT.norm2_0,
vonenet_ff_ecoset,model.IT.norm3_0,1
vonenet_ff_ecoset,model.decoder,
vonenet_ff_ecoset,model.decoder.avgpool,1
vonenet_ff_ecoset,model.decoder.flatten,
vonenet_ff_ecoset,model.decoder.linear,
vonenet_ff_ecoset,model.decoder.output,
vonenet_ff_stylized-ecoset,,
vonenet_ff_stylized-ecoset,vone_block,
vonenet_ff_stylized-ecoset,vone_block.simple_conv_q0,
vonenet_ff_stylized-ecoset,vone_block.simple_conv_q1,
vonenet_ff_stylized-ecoset,vone_block.simple,
vonenet_ff_stylized-ecoset,vone_block.complex,
vonenet_ff_stylized-ecoset,vone_block.gabors,
vonenet_ff_stylized-ecoset,vone_block.noise,
vonenet_ff_stylized-ecoset,vone_block.output,1
vonenet_ff_stylized-ecoset,bottleneck,
vonenet_ff_stylized-ecoset,model,
vonenet_ff_stylized-ecoset,model.V2,
vonenet_ff_stylized-ecoset,model.V2.conv_input,
vonenet_ff_stylized-ecoset,model.V2.skip,
vonenet_ff_stylized-ecoset,model.V2.norm_skip,
vonenet_ff_stylized-ecoset,model.V2.conv1,
vonenet_ff_stylized-ecoset,model.V2.nonlin1,
vonenet_ff_stylized-ecoset,model.V2.conv2,
vonenet_ff_stylized-ecoset,model.V2.nonlin2,
vonenet_ff_stylized-ecoset,model.V2.conv3,
vonenet_ff_stylized-ecoset,model.V2.nonlin3,
vonenet_ff_stylized-ecoset,model.V2.output,
vonenet_ff_stylized-ecoset,model.V2.norm1_0,
vonenet_ff_stylized-ecoset,model.V2.norm2_0,
vonenet_ff_stylized-ecoset,model.V2.norm3_0,1
vonenet_ff_stylized-ecoset,model.V4,
vonenet_ff_stylized-ecoset,model.V4.conv_input,
vonenet_ff_stylized-ecoset,model.V4.skip,
vonenet_ff_stylized-ecoset,model.V4.norm_skip,
vonenet_ff_stylized-ecoset,model.V4.conv1,
vonenet_ff_stylized-ecoset,model.V4.nonlin1,
vonenet_ff_stylized-ecoset,model.V4.conv2,
vonenet_ff_stylized-ecoset,model.V4.nonlin2,
vonenet_ff_stylized-ecoset,model.V4.conv3,
vonenet_ff_stylized-ecoset,model.V4.nonlin3,
vonenet_ff_stylized-ecoset,model.V4.output,
vonenet_ff_stylized-ecoset,model.V4.norm1_0,
vonenet_ff_stylized-ecoset,model.V4.norm2_0,
vonenet_ff_stylized-ecoset,model.V4.norm3_0,1
vonenet_ff_stylized-ecoset,model.IT,
vonenet_ff_stylized-ecoset,model.IT.conv_input,
vonenet_ff_stylized-ecoset,model.IT.skip,
vonenet_ff_stylized-ecoset,model.IT.norm_skip,
vonenet_ff_stylized-ecoset,model.IT.conv1,
vonenet_ff_stylized-ecoset,model.IT.nonlin1,
vonenet_ff_stylized-ecoset,model.IT.conv2,
vonenet_ff_stylized-ecoset,model.IT.nonlin2,
vonenet_ff_stylized-ecoset,model.IT.conv3,
vonenet_ff_stylized-ecoset,model.IT.nonlin3,
vonenet_ff_stylized-ecoset,model.IT.output,
vonenet_ff_stylized-ecoset,model.IT.norm1_0,
vonenet_ff_stylized-ecoset,model.IT.norm2_0,
vonenet_ff_stylized-ecoset,model.IT.norm3_0,1
vonenet_ff_stylized-ecoset,model.decoder,
vonenet_ff_stylized-ecoset,model.decoder.avgpool,1
vonenet_ff_stylized-ecoset,model.decoder.flatten,
vonenet_ff_stylized-ecoset,model.decoder.linear,
vonenet_ff_stylized-ecoset,model.decoder.output,
vonenet_r_ecoset,,
vonenet_r_ecoset,vone_block,
vonenet_r_ecoset,vone_block.simple_conv_q0,
vonenet_r_ecoset,vone_block.simple_conv_q1,
vonenet_r_ecoset,vone_block.simple,
vonenet_r_ecoset,vone_block.complex,
vonenet_r_ecoset,vone_block.gabors,
vonenet_r_ecoset,vone_block.noise,
vonenet_r_ecoset,vone_block.output,1
vonenet_r_ecoset,bottleneck,
vonenet_r_ecoset,model,
vonenet_r_ecoset,model.V2,
vonenet_r_ecoset,model.V2.conv_input,
vonenet_r_ecoset,model.V2.skip,
vonenet_r_ecoset,model.V2.norm_skip,
vonenet_r_ecoset,model.V2.conv1,
vonenet_r_ecoset,model.V2.nonlin1,
vonenet_r_ecoset,model.V2.conv2,
vonenet_r_ecoset,model.V2.nonlin2,
vonenet_r_ecoset,model.V2.conv3,
vonenet_r_ecoset,model.V2.nonlin3,
vonenet_r_ecoset,model.V2.output,
vonenet_r_ecoset,model.V2.norm1_0,
vonenet_r_ecoset,model.V2.norm2_0,
vonenet_r_ecoset,model.V2.norm3_0,
vonenet_r_ecoset,model.V2.norm1_1,
vonenet_r_ecoset,model.V2.norm2_1,
vonenet_r_ecoset,model.V2.norm3_1,1
vonenet_r_ecoset,model.V4,
vonenet_r_ecoset,model.V4.conv_input,
vonenet_r_ecoset,model.V4.skip,
vonenet_r_ecoset,model.V4.norm_skip,
vonenet_r_ecoset,model.V4.conv1,
vonenet_r_ecoset,model.V4.nonlin1,
vonenet_r_ecoset,model.V4.conv2,
vonenet_r_ecoset,model.V4.nonlin2,
vonenet_r_ecoset,model.V4.conv3,
vonenet_r_ecoset,model.V4.nonlin3,
vonenet_r_ecoset,model.V4.output,
vonenet_r_ecoset,model.V4.norm1_0,
vonenet_r_ecoset,model.V4.norm2_0,
vonenet_r_ecoset,model.V4.norm3_0,
vonenet_r_ecoset,model.V4.norm1_1,
vonenet_r_ecoset,model.V4.norm2_1,
vonenet_r_ecoset,model.V4.norm3_1,
vonenet_r_ecoset,model.V4.norm1_2,
vonenet_r_ecoset,model.V4.norm2_2,
vonenet_r_ecoset,model.V4.norm3_2,
vonenet_r_ecoset,model.V4.norm1_3,
vonenet_r_ecoset,model.V4.norm2_3,
vonenet_r_ecoset,model.V4.norm3_3,1
vonenet_r_ecoset,model.IT,
vonenet_r_ecoset,model.IT.conv_input,
vonenet_r_ecoset,model.IT.skip,
vonenet_r_ecoset,model.IT.norm_skip,
vonenet_r_ecoset,model.IT.conv1,
vonenet_r_ecoset,model.IT.nonlin1,
vonenet_r_ecoset,model.IT.conv2,
vonenet_r_ecoset,model.IT.nonlin2,
vonenet_r_ecoset,model.IT.conv3,
vonenet_r_ecoset,model.IT.nonlin3,
vonenet_r_ecoset,model.IT.output,
vonenet_r_ecoset,model.IT.norm1_0,
vonenet_r_ecoset,model.IT.norm2_0,
vonenet_r_ecoset,model.IT.norm3_0,
vonenet_r_ecoset,model.IT.norm1_1,
vonenet_r_ecoset,model.IT.norm2_1,
vonenet_r_ecoset,model.IT.norm3_1,1
vonenet_r_ecoset,model.decoder,
vonenet_r_ecoset,model.decoder.avgpool,1
vonenet_r_ecoset,model.decoder.flatten,
vonenet_r_ecoset,model.decoder.linear,
vonenet_r_ecoset,model.decoder.output,
vonenet_r_stylized-ecoset,,
vonenet_r_stylized-ecoset,vone_block,
vonenet_r_stylized-ecoset,vone_block.simple_conv_q0,
vonenet_r_stylized-ecoset,vone_block.simple_conv_q1,
vonenet_r_stylized-ecoset,vone_block.simple,
vonenet_r_stylized-ecoset,vone_block.complex,
vonenet_r_stylized-ecoset,vone_block.gabors,
vonenet_r_stylized-ecoset,vone_block.noise,
vonenet_r_stylized-ecoset,vone_block.output,1
vonenet_r_stylized-ecoset,bottleneck,
vonenet_r_stylized-ecoset,model,
vonenet_r_stylized-ecoset,model.V2,
vonenet_r_stylized-ecoset,model.V2.conv_input,
vonenet_r_stylized-ecoset,model.V2.skip,
vonenet_r_stylized-ecoset,model.V2.norm_skip,
vonenet_r_stylized-ecoset,model.V2.conv1,
vonenet_r_stylized-ecoset,model.V2.nonlin1,
vonenet_r_stylized-ecoset,model.V2.conv2,
vonenet_r_stylized-ecoset,model.V2.nonlin2,
vonenet_r_stylized-ecoset,model.V2.conv3,
vonenet_r_stylized-ecoset,model.V2.nonlin3,
vonenet_r_stylized-ecoset,model.V2.output,
vonenet_r_stylized-ecoset,model.V2.norm1_0,
vonenet_r_stylized-ecoset,model.V2.norm2_0,
vonenet_r_stylized-ecoset,model.V2.norm3_0,
vonenet_r_stylized-ecoset,model.V2.norm1_1,
vonenet_r_stylized-ecoset,model.V2.norm2_1,
vonenet_r_stylized-ecoset,model.V2.norm3_1,1
vonenet_r_stylized-ecoset,model.V4,
vonenet_r_stylized-ecoset,model.V4.conv_input,
vonenet_r_stylized-ecoset,model.V4.skip,
vonenet_r_stylized-ecoset,model.V4.norm_skip,
vonenet_r_stylized-ecoset,model.V4.conv1,
vonenet_r_stylized-ecoset,model.V4.nonlin1,
vonenet_r_stylized-ecoset,model.V4.conv2,
vonenet_r_stylized-ecoset,model.V4.nonlin2,
vonenet_r_stylized-ecoset,model.V4.conv3,
vonenet_r_stylized-ecoset,model.V4.nonlin3,
vonenet_r_stylized-ecoset,model.V4.output,
vonenet_r_stylized-ecoset,model.V4.norm1_0,
vonenet_r_stylized-ecoset,model.V4.norm2_0,
vonenet_r_stylized-ecoset,model.V4.norm3_0,
vonenet_r_stylized-ecoset,model.V4.norm1_1,
vonenet_r_stylized-ecoset,model.V4.norm2_1,
vonenet_r_stylized-ecoset,model.V4.norm3_1,
vonenet_r_stylized-ecoset,model.V4.norm1_2,
vonenet_r_stylized-ecoset,model.V4.norm2_2,
vonenet_r_stylized-ecoset,model.V4.norm3_2,
vonenet_r_stylized-ecoset,model.V4.norm1_3,
vonenet_r_stylized-ecoset,model.V4.norm2_3,
vonenet_r_stylized-ecoset,model.V4.norm3_3,1
vonenet_r_stylized-ecoset,model.IT,
vonenet_r_stylized-ecoset,model.IT.conv_input,
vonenet_r_stylized-ecoset,model.IT.skip,
vonenet_r_stylized-ecoset,model.IT.norm_skip,
vonenet_r_stylized-ecoset,model.IT.conv1,
vonenet_r_stylized-ecoset,model.IT.nonlin1,
vonenet_r_stylized-ecoset,model.IT.conv2,
vonenet_r_stylized-ecoset,model.IT.nonlin2,
vonenet_r_stylized-ecoset,model.IT.conv3,
vonenet_r_stylized-ecoset,model.IT.nonlin3,
vonenet_r_stylized-ecoset,model.IT.output,
vonenet_r_stylized-ecoset,model.IT.norm1_0,
vonenet_r_stylized-ecoset,model.IT.norm2_0,
vonenet_r_stylized-ecoset,model.IT.norm3_0,
vonenet_r_stylized-ecoset,model.IT.norm1_1,
vonenet_r_stylized-ecoset,model.IT.norm2_1,
vonenet_r_stylized-ecoset,model.IT.norm3_1,1
vonenet_r_stylized-ecoset,model.decoder,
vonenet_r_stylized-ecoset,model.decoder.avgpool,1
vonenet_r_stylized-ecoset,model.decoder.flatten,
vonenet_r_stylized-ecoset,model.decoder.linear,
vonenet_r_stylized-ecoset,model.decoder.output,
SayCam,,
SayCam,conv1,
SayCam,bn1,
SayCam,relu,
SayCam,maxpool,
SayCam,layer1,
SayCam,layer1.0,
SayCam,layer1.0.conv1,
SayCam,layer1.0.bn1,
SayCam,layer1.0.conv2,
SayCam,layer1.0.bn2,
SayCam,layer1.0.conv3,
SayCam,layer1.0.bn3,
SayCam,layer1.0.relu,
SayCam,layer1.0.downsample,
SayCam,layer1.0.downsample.0,
SayCam,layer1.0.downsample.1,
SayCam,layer1.1,
SayCam,layer1.1.conv1,
SayCam,layer1.1.bn1,
SayCam,layer1.1.conv2,
SayCam,layer1.1.bn2,
SayCam,layer1.1.conv3,
SayCam,layer1.1.bn3,
SayCam,layer1.1.relu,
SayCam,layer1.2,
SayCam,layer1.2.conv1,
SayCam,layer1.2.bn1,
SayCam,layer1.2.conv2,
SayCam,layer1.2.bn2,
SayCam,layer1.2.conv3,
SayCam,layer1.2.bn3,
SayCam,layer1.2.relu,1
SayCam,layer2,
SayCam,layer2.0,
SayCam,layer2.0.conv1,
SayCam,layer2.0.bn1,
SayCam,layer2.0.conv2,
SayCam,layer2.0.bn2,
SayCam,layer2.0.conv3,
SayCam,layer2.0.bn3,
SayCam,layer2.0.relu,
SayCam,layer2.0.downsample,
SayCam,layer2.0.downsample.0,
SayCam,layer2.0.downsample.1,
SayCam,layer2.1,
SayCam,layer2.1.conv1,
SayCam,layer2.1.bn1,
SayCam,layer2.1.conv2,
SayCam,layer2.1.bn2,
SayCam,layer2.1.conv3,
SayCam,layer2.1.bn3,
SayCam,layer2.1.relu,
SayCam,layer2.2,
SayCam,layer2.2.conv1,
SayCam,layer2.2.bn1,
SayCam,layer2.2.conv2,
SayCam,layer2.2.bn2,
SayCam,layer2.2.conv3,
SayCam,layer2.2.bn3,
SayCam,layer2.2.relu,
SayCam,layer2.3,
SayCam,layer2.3.conv1,
SayCam,layer2.3.bn1,
SayCam,layer2.3.conv2,
SayCam,layer2.3.bn2,
SayCam,layer2.3.conv3,
SayCam,layer2.3.bn3,
SayCam,layer2.3.relu,1
SayCam,layer3,
SayCam,layer3.0,
SayCam,layer3.0.conv1,
SayCam,layer3.0.bn1,
SayCam,layer3.0.conv2,
SayCam,layer3.0.bn2,
SayCam,layer3.0.conv3,
SayCam,layer3.0.bn3,
SayCam,layer3.0.relu,
SayCam,layer3.0.downsample,
SayCam,layer3.0.downsample.0,
SayCam,layer3.0.downsample.1,
SayCam,layer3.1,
SayCam,layer3.1.conv1,
SayCam,layer3.1.bn1,
SayCam,layer3.1.conv2,
SayCam,layer3.1.bn2,
SayCam,layer3.1.conv3,
SayCam,layer3.1.bn3,
SayCam,layer3.1.relu,
SayCam,layer3.2,
SayCam,layer3.2.conv1,
SayCam,layer3.2.bn1,
SayCam,layer3.2.conv2,
SayCam,layer3.2.bn2,
SayCam,layer3.2.conv3,
SayCam,layer3.2.bn3,
SayCam,layer3.2.relu,
SayCam,layer3.3,
SayCam,layer3.3.conv1,
SayCam,layer3.3.bn1,
SayCam,layer3.3.conv2,
SayCam,layer3.3.bn2,
SayCam,layer3.3.conv3,
SayCam,layer3.3.bn3,
SayCam,layer3.3.relu,
SayCam,layer3.4,
SayCam,layer3.4.conv1,
SayCam,layer3.4.bn1,
SayCam,layer3.4.conv2,
SayCam,layer3.4.bn2,
SayCam,layer3.4.conv3,
SayCam,layer3.4.bn3,
SayCam,layer3.4.relu,
SayCam,layer3.5,
SayCam,layer3.5.conv1,
SayCam,layer3.5.bn1,
SayCam,layer3.5.conv2,
SayCam,layer3.5.bn2,
SayCam,layer3.5.conv3,
SayCam,layer3.5.bn3,
SayCam,layer3.5.relu,1
SayCam,layer4,
SayCam,layer4.0,
SayCam,layer4.0.conv1,
SayCam,layer4.0.bn1,
SayCam,layer4.0.conv2,
SayCam,layer4.0.bn2,
SayCam,layer4.0.conv3,
SayCam,layer4.0.bn3,
SayCam,layer4.0.relu,
SayCam,layer4.0.downsample,
SayCam,layer4.0.downsample.0,
SayCam,layer4.0.downsample.1,
SayCam,layer4.1,
SayCam,layer4.1.conv1,
SayCam,layer4.1.bn1,
SayCam,layer4.1.conv2,
SayCam,layer4.1.bn2,
SayCam,layer4.1.conv3,
SayCam,layer4.1.bn3,
SayCam,layer4.1.relu,
SayCam,layer4.2,
SayCam,layer4.2.conv1,
SayCam,layer4.2.bn1,
SayCam,layer4.2.conv2,
SayCam,layer4.2.bn2,
SayCam,layer4.2.conv3,
SayCam,layer4.2.bn3,
SayCam,layer4.2.relu,1
SayCam,avgpool,1
SayCam,fc,
cvcl,,
cvcl,vision_encoder,
cvcl,vision_encoder.model,
cvcl,vision_encoder.model.conv1,
cvcl,vision_encoder.model.bn1,
cvcl,vision_encoder.model.relu,
cvcl,vision_encoder.model.maxpool,
cvcl,vision_encoder.model.layer1,
cvcl,vision_encoder.model.layer1.0,
cvcl,vision_encoder.model.layer1.0.conv1,
cvcl,vision_encoder.model.layer1.0.bn1,
cvcl,vision_encoder.model.layer1.0.conv2,
cvcl,vision_encoder.model.layer1.0.bn2,
cvcl,vision_encoder.model.layer1.0.conv3,
cvcl,vision_encoder.model.layer1.0.bn3,
cvcl,vision_encoder.model.layer1.0.relu,
cvcl,vision_encoder.model.layer1.0.downsample,
cvcl,vision_encoder.model.layer1.0.downsample.0,
cvcl,vision_encoder.model.layer1.0.downsample.1,
cvcl,vision_encoder.model.layer1.1,
cvcl,vision_encoder.model.layer1.1.conv1,
cvcl,vision_encoder.model.layer1.1.bn1,
cvcl,vision_encoder.model.layer1.1.conv2,
cvcl,vision_encoder.model.layer1.1.bn2,
cvcl,vision_encoder.model.layer1.1.conv3,
cvcl,vision_encoder.model.layer1.1.bn3,
cvcl,vision_encoder.model.layer1.1.relu,
cvcl,vision_encoder.model.layer1.2,
cvcl,vision_encoder.model.layer1.2.conv1,
cvcl,vision_encoder.model.layer1.2.bn1,
cvcl,vision_encoder.model.layer1.2.conv2,
cvcl,vision_encoder.model.layer1.2.bn2,
cvcl,vision_encoder.model.layer1.2.conv3,
cvcl,vision_encoder.model.layer1.2.bn3,
cvcl,vision_encoder.model.layer1.2.relu,1
cvcl,vision_encoder.model.layer2,
cvcl,vision_encoder.model.layer2.0,
cvcl,vision_encoder.model.layer2.0.conv1,
cvcl,vision_encoder.model.layer2.0.bn1,
cvcl,vision_encoder.model.layer2.0.conv2,
cvcl,vision_encoder.model.layer2.0.bn2,
cvcl,vision_encoder.model.layer2.0.conv3,
cvcl,vision_encoder.model.layer2.0.bn3,
cvcl,vision_encoder.model.layer2.0.relu,
cvcl,vision_encoder.model.layer2.0.downsample,
cvcl,vision_encoder.model.layer2.0.downsample.0,
cvcl,vision_encoder.model.layer2.0.downsample.1,
cvcl,vision_encoder.model.layer2.1,
cvcl,vision_encoder.model.layer2.1.conv1,
cvcl,vision_encoder.model.layer2.1.bn1,
cvcl,vision_encoder.model.layer2.1.conv2,
cvcl,vision_encoder.model.layer2.1.bn2,
cvcl,vision_encoder.model.layer2.1.conv3,
cvcl,vision_encoder.model.layer2.1.bn3,
cvcl,vision_encoder.model.layer2.1.relu,
cvcl,vision_encoder.model.layer2.2,
cvcl,vision_encoder.model.layer2.2.conv1,
cvcl,vision_encoder.model.layer2.2.bn1,
cvcl,vision_encoder.model.layer2.2.conv2,
cvcl,vision_encoder.model.layer2.2.bn2,
cvcl,vision_encoder.model.layer2.2.conv3,
cvcl,vision_encoder.model.layer2.2.bn3,
cvcl,vision_encoder.model.layer2.2.relu,
cvcl,vision_encoder.model.layer2.3,
cvcl,vision_encoder.model.layer2.3.conv1,
cvcl,vision_encoder.model.layer2.3.bn1,
cvcl,vision_encoder.model.layer2.3.conv2,
cvcl,vision_encoder.model.layer2.3.bn2,
cvcl,vision_encoder.model.layer2.3.conv3,
cvcl,vision_encoder.model.layer2.3.bn3,
cvcl,vision_encoder.model.layer2.3.relu,1
cvcl,vision_encoder.model.layer3,
cvcl,vision_encoder.model.layer3.0,
cvcl,vision_encoder.model.layer3.0.conv1,
cvcl,vision_encoder.model.layer3.0.bn1,
cvcl,vision_encoder.model.layer3.0.conv2,
cvcl,vision_encoder.model.layer3.0.bn2,
cvcl,vision_encoder.model.layer3.0.conv3,
cvcl,vision_encoder.model.layer3.0.bn3,
cvcl,vision_encoder.model.layer3.0.relu,
cvcl,vision_encoder.model.layer3.0.downsample,
cvcl,vision_encoder.model.layer3.0.downsample.0,
cvcl,vision_encoder.model.layer3.0.downsample.1,
cvcl,vision_encoder.model.layer3.1,
cvcl,vision_encoder.model.layer3.1.conv1,
cvcl,vision_encoder.model.layer3.1.bn1,
cvcl,vision_encoder.model.layer3.1.conv2,
cvcl,vision_encoder.model.layer3.1.bn2,
cvcl,vision_encoder.model.layer3.1.conv3,
cvcl,vision_encoder.model.layer3.1.bn3,
cvcl,vision_encoder.model.layer3.1.relu,
cvcl,vision_encoder.model.layer3.2,
cvcl,vision_encoder.model.layer3.2.conv1,
cvcl,vision_encoder.model.layer3.2.bn1,
cvcl,vision_encoder.model.layer3.2.conv2,
cvcl,vision_encoder.model.layer3.2.bn2,
cvcl,vision_encoder.model.layer3.2.conv3,
cvcl,vision_encoder.model.layer3.2.bn3,
cvcl,vision_encoder.model.layer3.2.relu,
cvcl,vision_encoder.model.layer3.3,
cvcl,vision_encoder.model.layer3.3.conv1,
cvcl,vision_encoder.model.layer3.3.bn1,
cvcl,vision_encoder.model.layer3.3.conv2,
cvcl,vision_encoder.model.layer3.3.bn2,
cvcl,vision_encoder.model.layer3.3.conv3,
cvcl,vision_encoder.model.layer3.3.bn3,
cvcl,vision_encoder.model.layer3.3.relu,
cvcl,vision_encoder.model.layer3.4,
cvcl,vision_encoder.model.layer3.4.conv1,
cvcl,vision_encoder.model.layer3.4.bn1,
cvcl,vision_encoder.model.layer3.4.conv2,
cvcl,vision_encoder.model.layer3.4.bn2,
cvcl,vision_encoder.model.layer3.4.conv3,
cvcl,vision_encoder.model.layer3.4.bn3,
cvcl,vision_encoder.model.layer3.4.relu,
cvcl,vision_encoder.model.layer3.5,
cvcl,vision_encoder.model.layer3.5.conv1,
cvcl,vision_encoder.model.layer3.5.bn1,
cvcl,vision_encoder.model.layer3.5.conv2,
cvcl,vision_encoder.model.layer3.5.bn2,
cvcl,vision_encoder.model.layer3.5.conv3,
cvcl,vision_encoder.model.layer3.5.bn3,
cvcl,vision_encoder.model.layer3.5.relu,1
cvcl,vision_encoder.model.layer4,
cvcl,vision_encoder.model.layer4.0,
cvcl,vision_encoder.model.layer4.0.conv1,
cvcl,vision_encoder.model.layer4.0.bn1,
cvcl,vision_encoder.model.layer4.0.conv2,
cvcl,vision_encoder.model.layer4.0.bn2,
cvcl,vision_encoder.model.layer4.0.conv3,
cvcl,vision_encoder.model.layer4.0.bn3,
cvcl,vision_encoder.model.layer4.0.relu,
cvcl,vision_encoder.model.layer4.0.downsample,
cvcl,vision_encoder.model.layer4.0.downsample.0,
cvcl,vision_encoder.model.layer4.0.downsample.1,
cvcl,vision_encoder.model.layer4.1,
cvcl,vision_encoder.model.layer4.1.conv1,
cvcl,vision_encoder.model.layer4.1.bn1,
cvcl,vision_encoder.model.layer4.1.conv2,
cvcl,vision_encoder.model.layer4.1.bn2,
cvcl,vision_encoder.model.layer4.1.conv3,
cvcl,vision_encoder.model.layer4.1.bn3,
cvcl,vision_encoder.model.layer4.1.relu,
cvcl,vision_encoder.model.layer4.2,
cvcl,vision_encoder.model.layer4.2.conv1,
cvcl,vision_encoder.model.layer4.2.bn1,
cvcl,vision_encoder.model.layer4.2.conv2,
cvcl,vision_encoder.model.layer4.2.bn2,
cvcl,vision_encoder.model.layer4.2.conv3,
cvcl,vision_encoder.model.layer4.2.bn3,
cvcl,vision_encoder.model.layer4.2.relu,1
cvcl,vision_encoder.model.avgpool,1
cvcl,vision_encoder.model.fc,
cvcl,text_encoder,
cvcl,text_encoder.embedding,
cvcl,text_encoder.lockdrop,
cvcl,text_encoder.output_dropout,
cvcl,model,
cvcl,language_model,
cvcl,language_model.output_layer,
convnext,,
convnext,features,
convnext,features.0,
convnext,features.0.0,
convnext,features.0.1,
convnext,features.1,
convnext,features.1.0,
convnext,features.1.0.block,
convnext,features.1.0.block.0,
convnext,features.1.0.block.1,
convnext,features.1.0.block.2,
convnext,features.1.0.block.3,
convnext,features.1.0.block.4,
convnext,features.1.0.block.5,
convnext,features.1.0.block.6,1
convnext,features.1.0.stochastic_depth,
convnext,features.1.1,
convnext,features.1.1.block,
convnext,features.1.1.block.0,
convnext,features.1.1.block.1,
convnext,features.1.1.block.2,
convnext,features.1.1.block.3,
convnext,features.1.1.block.4,
convnext,features.1.1.block.5,
convnext,features.1.1.block.6,1
convnext,features.1.1.stochastic_depth,
convnext,features.1.2,
convnext,features.1.2.block,
convnext,features.1.2.block.0,
convnext,features.1.2.block.1,
convnext,features.1.2.block.2,
convnext,features.1.2.block.3,
convnext,features.1.2.block.4,
convnext,features.1.2.block.5,
convnext,features.1.2.block.6,1
convnext,features.1.2.stochastic_depth,
convnext,features.2,
convnext,features.2.0,
convnext,features.2.1,
convnext,features.3,
convnext,features.3.0,
convnext,features.3.0.block,
convnext,features.3.0.block.0,
convnext,features.3.0.block.1,
convnext,features.3.0.block.2,
convnext,features.3.0.block.3,
convnext,features.3.0.block.4,
convnext,features.3.0.block.5,
convnext,features.3.0.block.6,1
convnext,features.3.0.stochastic_depth,
convnext,features.3.1,
convnext,features.3.1.block,
convnext,features.3.1.block.0,
convnext,features.3.1.block.1,
convnext,features.3.1.block.2,
convnext,features.3.1.block.3,
convnext,features.3.1.block.4,
convnext,features.3.1.block.5,
convnext,features.3.1.block.6,1
convnext,features.3.1.stochastic_depth,
convnext,features.3.2,
convnext,features.3.2.block,
convnext,features.3.2.block.0,
convnext,features.3.2.block.1,
convnext,features.3.2.block.2,
convnext,features.3.2.block.3,
convnext,features.3.2.block.4,
convnext,features.3.2.block.5,
convnext,features.3.2.block.6,1
convnext,features.3.2.stochastic_depth,
convnext,features.4,
convnext,features.4.0,
convnext,features.4.1,
convnext,features.5,
convnext,features.5.0,
convnext,features.5.0.block,
convnext,features.5.0.block.0,
convnext,features.5.0.block.1,
convnext,features.5.0.block.2,
convnext,features.5.0.block.3,
convnext,features.5.0.block.4,
convnext,features.5.0.block.5,
convnext,features.5.0.block.6,1
convnext,features.5.0.stochastic_depth,
convnext,features.5.1,
convnext,features.5.1.block,
convnext,features.5.1.block.0,
convnext,features.5.1.block.1,
convnext,features.5.1.block.2,
convnext,features.5.1.block.3,
convnext,features.5.1.block.4,
convnext,features.5.1.block.5,
convnext,features.5.1.block.6,1
convnext,features.5.1.stochastic_depth,
convnext,features.5.2,
convnext,features.5.2.block,
convnext,features.5.2.block.0,
convnext,features.5.2.block.1,
convnext,features.5.2.block.2,
convnext,features.5.2.block.3,
convnext,features.5.2.block.4,
convnext,features.5.2.block.5,
convnext,features.5.2.block.6,1
convnext,features.5.2.stochastic_depth,
convnext,features.5.3,
convnext,features.5.3.block,
convnext,features.5.3.block.0,
convnext,features.5.3.block.1,
convnext,features.5.3.block.2,
convnext,features.5.3.block.3,
convnext,features.5.3.block.4,
convnext,features.5.3.block.5,
convnext,features.5.3.block.6,1
convnext,features.5.3.stochastic_depth,
convnext,features.5.4,
convnext,features.5.4.block,
convnext,features.5.4.block.0,
convnext,features.5.4.block.1,
convnext,features.5.4.block.2,
convnext,features.5.4.block.3,
convnext,features.5.4.block.4,
convnext,features.5.4.block.5,
convnext,features.5.4.block.6,1
convnext,features.5.4.stochastic_depth,
convnext,features.5.5,
convnext,features.5.5.block,
convnext,features.5.5.block.0,
convnext,features.5.5.block.1,
convnext,features.5.5.block.2,
convnext,features.5.5.block.3,
convnext,features.5.5.block.4,
convnext,features.5.5.block.5,
convnext,features.5.5.block.6,1
convnext,features.5.5.stochastic_depth,
convnext,features.5.6,
convnext,features.5.6.block,
convnext,features.5.6.block.0,
convnext,features.5.6.block.1,
convnext,features.5.6.block.2,
convnext,features.5.6.block.3,
convnext,features.5.6.block.4,
convnext,features.5.6.block.5,
convnext,features.5.6.block.6,1
convnext,features.5.6.stochastic_depth,
convnext,features.5.7,
convnext,features.5.7.block,
convnext,features.5.7.block.0,
convnext,features.5.7.block.1,
convnext,features.5.7.block.2,
convnext,features.5.7.block.3,
convnext,features.5.7.block.4,
convnext,features.5.7.block.5,
convnext,features.5.7.block.6,1
convnext,features.5.7.stochastic_depth,
convnext,features.5.8,
convnext,features.5.8.block,
convnext,features.5.8.block.0,
convnext,features.5.8.block.1,
convnext,features.5.8.block.2,
convnext,features.5.8.block.3,
convnext,features.5.8.block.4,
convnext,features.5.8.block.5,
convnext,features.5.8.block.6,1
convnext,features.5.8.stochastic_depth,
convnext,features.5.9,
convnext,features.5.9.block,
convnext,features.5.9.block.0,
convnext,features.5.9.block.1,
convnext,features.5.9.block.2,
convnext,features.5.9.block.3,
convnext,features.5.9.block.4,
convnext,features.5.9.block.5,
convnext,features.5.9.block.6,1
convnext,features.5.9.stochastic_depth,
convnext,features.5.10,
convnext,features.5.10.block,
convnext,features.5.10.block.0,
convnext,features.5.10.block.1,
convnext,features.5.10.block.2,
convnext,features.5.10.block.3,
convnext,features.5.10.block.4,
convnext,features.5.10.block.5,
convnext,features.5.10.block.6,1
convnext,features.5.10.stochastic_depth,
convnext,features.5.11,
convnext,features.5.11.block,
convnext,features.5.11.block.0,
convnext,features.5.11.block.1,
convnext,features.5.11.block.2,
convnext,features.5.11.block.3,
convnext,features.5.11.block.4,
convnext,features.5.11.block.5,
convnext,features.5.11.block.6,1
convnext,features.5.11.stochastic_depth,
convnext,features.5.12,
convnext,features.5.12.block,
convnext,features.5.12.block.0,
convnext,features.5.12.block.1,
convnext,features.5.12.block.2,
convnext,features.5.12.block.3,
convnext,features.5.12.block.4,
convnext,features.5.12.block.5,
convnext,features.5.12.block.6,1
convnext,features.5.12.stochastic_depth,
convnext,features.5.13,
convnext,features.5.13.block,
convnext,features.5.13.block.0,
convnext,features.5.13.block.1,
convnext,features.5.13.block.2,
convnext,features.5.13.block.3,
convnext,features.5.13.block.4,
convnext,features.5.13.block.5,
convnext,features.5.13.block.6,1
convnext,features.5.13.stochastic_depth,
convnext,features.5.14,
convnext,features.5.14.block,
convnext,features.5.14.block.0,
convnext,features.5.14.block.1,
convnext,features.5.14.block.2,
convnext,features.5.14.block.3,
convnext,features.5.14.block.4,
convnext,features.5.14.block.5,
convnext,features.5.14.block.6,1
convnext,features.5.14.stochastic_depth,
convnext,features.5.15,
convnext,features.5.15.block,
convnext,features.5.15.block.0,
convnext,features.5.15.block.1,
convnext,features.5.15.block.2,
convnext,features.5.15.block.3,
convnext,features.5.15.block.4,
convnext,features.5.15.block.5,
convnext,features.5.15.block.6,1
convnext,features.5.15.stochastic_depth,
convnext,features.5.16,
convnext,features.5.16.block,
convnext,features.5.16.block.0,
convnext,features.5.16.block.1,
convnext,features.5.16.block.2,
convnext,features.5.16.block.3,
convnext,features.5.16.block.4,
convnext,features.5.16.block.5,
convnext,features.5.16.block.6,1
convnext,features.5.16.stochastic_depth,
convnext,features.5.17,
convnext,features.5.17.block,
convnext,features.5.17.block.0,
convnext,features.5.17.block.1,
convnext,features.5.17.block.2,
convnext,features.5.17.block.3,
convnext,features.5.17.block.4,
convnext,features.5.17.block.5,
convnext,features.5.17.block.6,1
convnext,features.5.17.stochastic_depth,
convnext,features.5.18,
convnext,features.5.18.block,
convnext,features.5.18.block.0,
convnext,features.5.18.block.1,
convnext,features.5.18.block.2,
convnext,features.5.18.block.3,
convnext,features.5.18.block.4,
convnext,features.5.18.block.5,
convnext,features.5.18.block.6,1
convnext,features.5.18.stochastic_depth,
convnext,features.5.19,
convnext,features.5.19.block,
convnext,features.5.19.block.0,
convnext,features.5.19.block.1,
convnext,features.5.19.block.2,
convnext,features.5.19.block.3,
convnext,features.5.19.block.4,
convnext,features.5.19.block.5,
convnext,features.5.19.block.6,1
convnext,features.5.19.stochastic_depth,
convnext,features.5.20,
convnext,features.5.20.block,
convnext,features.5.20.block.0,
convnext,features.5.20.block.1,
convnext,features.5.20.block.2,
convnext,features.5.20.block.3,
convnext,features.5.20.block.4,
convnext,features.5.20.block.5,
convnext,features.5.20.block.6,1
convnext,features.5.20.stochastic_depth,
convnext,features.5.21,
convnext,features.5.21.block,
convnext,features.5.21.block.0,
convnext,features.5.21.block.1,
convnext,features.5.21.block.2,
convnext,features.5.21.block.3,
convnext,features.5.21.block.4,
convnext,features.5.21.block.5,
convnext,features.5.21.block.6,1
convnext,features.5.21.stochastic_depth,
convnext,features.5.22,
convnext,features.5.22.block,
convnext,features.5.22.block.0,
convnext,features.5.22.block.1,
convnext,features.5.22.block.2,
convnext,features.5.22.block.3,
convnext,features.5.22.block.4,
convnext,features.5.22.block.5,
convnext,features.5.22.block.6,1
convnext,features.5.22.stochastic_depth,
convnext,features.5.23,
convnext,features.5.23.block,
convnext,features.5.23.block.0,
convnext,features.5.23.block.1,
convnext,features.5.23.block.2,
convnext,features.5.23.block.3,
convnext,features.5.23.block.4,
convnext,features.5.23.block.5,
convnext,features.5.23.block.6,1
convnext,features.5.23.stochastic_depth,
convnext,features.5.24,
convnext,features.5.24.block,
convnext,features.5.24.block.0,
convnext,features.5.24.block.1,
convnext,features.5.24.block.2,
convnext,features.5.24.block.3,
convnext,features.5.24.block.4,
convnext,features.5.24.block.5,
convnext,features.5.24.block.6,1
convnext,features.5.24.stochastic_depth,
convnext,features.5.25,
convnext,features.5.25.block,
convnext,features.5.25.block.0,
convnext,features.5.25.block.1,
convnext,features.5.25.block.2,
convnext,features.5.25.block.3,
convnext,features.5.25.block.4,
convnext,features.5.25.block.5,
convnext,features.5.25.block.6,1
convnext,features.5.25.stochastic_depth,
convnext,features.5.26,
convnext,features.5.26.block,
convnext,features.5.26.block.0,
convnext,features.5.26.block.1,
convnext,features.5.26.block.2,
convnext,features.5.26.block.3,
convnext,features.5.26.block.4,
convnext,features.5.26.block.5,
convnext,features.5.26.block.6,1
convnext,features.5.26.stochastic_depth,
convnext,features.6,
convnext,features.6.0,
convnext,features.6.1,
convnext,features.7,
convnext,features.7.0,
convnext,features.7.0.block,
convnext,features.7.0.block.0,
convnext,features.7.0.block.1,
convnext,features.7.0.block.2,
convnext,features.7.0.block.3,
convnext,features.7.0.block.4,
convnext,features.7.0.block.5,
convnext,features.7.0.block.6,1
convnext,features.7.0.stochastic_depth,
convnext,features.7.1,
convnext,features.7.1.block,
convnext,features.7.1.block.0,
convnext,features.7.1.block.1,
convnext,features.7.1.block.2,
convnext,features.7.1.block.3,
convnext,features.7.1.block.4,
convnext,features.7.1.block.5,
convnext,features.7.1.block.6,1
convnext,features.7.1.stochastic_depth,
convnext,features.7.2,
convnext,features.7.2.block,
convnext,features.7.2.block.0,
convnext,features.7.2.block.1,
convnext,features.7.2.block.2,
convnext,features.7.2.block.3,
convnext,features.7.2.block.4,
convnext,features.7.2.block.5,
convnext,features.7.2.block.6,1
convnext,features.7.2.stochastic_depth,
convnext,avgpool,1
convnext,classifier,
convnext,classifier.0,
convnext,classifier.1,
convnext,classifier.2,
vit,,
vit,patch_embed,
vit,patch_embed.proj,
vit,patch_embed.norm,
vit,pos_drop,
vit,patch_drop,
vit,norm_pre,
vit,blocks,
vit,blocks.0,
vit,blocks.0.norm1,
vit,blocks.0.attn,
vit,blocks.0.attn.qkv,
vit,blocks.0.attn.q_norm,
vit,blocks.0.attn.k_norm,
vit,blocks.0.attn.attn_drop,
vit,blocks.0.attn.proj,
vit,blocks.0.attn.proj_drop,
vit,blocks.0.ls1,1
vit,blocks.0.drop_path1,
vit,blocks.0.norm2,
vit,blocks.0.mlp,
vit,blocks.0.mlp.fc1,
vit,blocks.0.mlp.act,
vit,blocks.0.mlp.drop1,
vit,blocks.0.mlp.norm,
vit,blocks.0.mlp.fc2,
vit,blocks.0.mlp.drop2,
vit,blocks.0.ls2,1
vit,blocks.0.drop_path2,
vit,blocks.1,
vit,blocks.1.norm1,
vit,blocks.1.attn,
vit,blocks.1.attn.qkv,
vit,blocks.1.attn.q_norm,
vit,blocks.1.attn.k_norm,
vit,blocks.1.attn.attn_drop,
vit,blocks.1.attn.proj,
vit,blocks.1.attn.proj_drop,
vit,blocks.1.ls1,
vit,blocks.1.drop_path1,
vit,blocks.1.norm2,
vit,blocks.1.mlp,
vit,blocks.1.mlp.fc1,
vit,blocks.1.mlp.act,
vit,blocks.1.mlp.drop1,
vit,blocks.1.mlp.norm,
vit,blocks.1.mlp.fc2,
vit,blocks.1.mlp.drop2,
vit,blocks.1.ls2,1
vit,blocks.1.drop_path2,
vit,blocks.2,
vit,blocks.2.norm1,
vit,blocks.2.attn,
vit,blocks.2.attn.qkv,
vit,blocks.2.attn.q_norm,
vit,blocks.2.attn.k_norm,
vit,blocks.2.attn.attn_drop,
vit,blocks.2.attn.proj,
vit,blocks.2.attn.proj_drop,
vit,blocks.2.ls1,
vit,blocks.2.drop_path1,
vit,blocks.2.norm2,
vit,blocks.2.mlp,
vit,blocks.2.mlp.fc1,
vit,blocks.2.mlp.act,
vit,blocks.2.mlp.drop1,
vit,blocks.2.mlp.norm,
vit,blocks.2.mlp.fc2,
vit,blocks.2.mlp.drop2,
vit,blocks.2.ls2,1
vit,blocks.2.drop_path2,
vit,blocks.3,
vit,blocks.3.norm1,
vit,blocks.3.attn,
vit,blocks.3.attn.qkv,
vit,blocks.3.attn.q_norm,
vit,blocks.3.attn.k_norm,
vit,blocks.3.attn.attn_drop,
vit,blocks.3.attn.proj,
vit,blocks.3.attn.proj_drop,
vit,blocks.3.ls1,
vit,blocks.3.drop_path1,
vit,blocks.3.norm2,
vit,blocks.3.mlp,
vit,blocks.3.mlp.fc1,
vit,blocks.3.mlp.act,
vit,blocks.3.mlp.drop1,
vit,blocks.3.mlp.norm,
vit,blocks.3.mlp.fc2,
vit,blocks.3.mlp.drop2,
vit,blocks.3.ls2,1
vit,blocks.3.drop_path2,
vit,blocks.4,
vit,blocks.4.norm1,
vit,blocks.4.attn,
vit,blocks.4.attn.qkv,
vit,blocks.4.attn.q_norm,
vit,blocks.4.attn.k_norm,
vit,blocks.4.attn.attn_drop,
vit,blocks.4.attn.proj,
vit,blocks.4.attn.proj_drop,
vit,blocks.4.ls1,
vit,blocks.4.drop_path1,
vit,blocks.4.norm2,
vit,blocks.4.mlp,
vit,blocks.4.mlp.fc1,
vit,blocks.4.mlp.act,
vit,blocks.4.mlp.drop1,
vit,blocks.4.mlp.norm,
vit,blocks.4.mlp.fc2,
vit,blocks.4.mlp.drop2,
vit,blocks.4.ls2,1
vit,blocks.4.drop_path2,
vit,blocks.5,
vit,blocks.5.norm1,
vit,blocks.5.attn,
vit,blocks.5.attn.qkv,
vit,blocks.5.attn.q_norm,
vit,blocks.5.attn.k_norm,
vit,blocks.5.attn.attn_drop,
vit,blocks.5.attn.proj,
vit,blocks.5.attn.proj_drop,
vit,blocks.5.ls1,
vit,blocks.5.drop_path1,
vit,blocks.5.norm2,
vit,blocks.5.mlp,
vit,blocks.5.mlp.fc1,
vit,blocks.5.mlp.act,
vit,blocks.5.mlp.drop1,
vit,blocks.5.mlp.norm,
vit,blocks.5.mlp.fc2,
vit,blocks.5.mlp.drop2,
vit,blocks.5.ls2,1
vit,blocks.5.drop_path2,
vit,blocks.6,
vit,blocks.6.norm1,
vit,blocks.6.attn,
vit,blocks.6.attn.qkv,
vit,blocks.6.attn.q_norm,
vit,blocks.6.attn.k_norm,
vit,blocks.6.attn.attn_drop,
vit,blocks.6.attn.proj,
vit,blocks.6.attn.proj_drop,
vit,blocks.6.ls1,
vit,blocks.6.drop_path1,
vit,blocks.6.norm2,
vit,blocks.6.mlp,
vit,blocks.6.mlp.fc1,
vit,blocks.6.mlp.act,
vit,blocks.6.mlp.drop1,
vit,blocks.6.mlp.norm,
vit,blocks.6.mlp.fc2,
vit,blocks.6.mlp.drop2,
vit,blocks.6.ls2,1
vit,blocks.6.drop_path2,
vit,blocks.7,
vit,blocks.7.norm1,
vit,blocks.7.attn,
vit,blocks.7.attn.qkv,
vit,blocks.7.attn.q_norm,
vit,blocks.7.attn.k_norm,
vit,blocks.7.attn.attn_drop,
vit,blocks.7.attn.proj,
vit,blocks.7.attn.proj_drop,
vit,blocks.7.ls1,
vit,blocks.7.drop_path1,
vit,blocks.7.norm2,
vit,blocks.7.mlp,
vit,blocks.7.mlp.fc1,
vit,blocks.7.mlp.act,
vit,blocks.7.mlp.drop1,
vit,blocks.7.mlp.norm,
vit,blocks.7.mlp.fc2,
vit,blocks.7.mlp.drop2,
vit,blocks.7.ls2,1
vit,blocks.7.drop_path2,
vit,blocks.8,
vit,blocks.8.norm1,
vit,blocks.8.attn,
vit,blocks.8.attn.qkv,
vit,blocks.8.attn.q_norm,
vit,blocks.8.attn.k_norm,
vit,blocks.8.attn.attn_drop,
vit,blocks.8.attn.proj,
vit,blocks.8.attn.proj_drop,
vit,blocks.8.ls1,
vit,blocks.8.drop_path1,
vit,blocks.8.norm2,
vit,blocks.8.mlp,
vit,blocks.8.mlp.fc1,
vit,blocks.8.mlp.act,
vit,blocks.8.mlp.drop1,
vit,blocks.8.mlp.norm,
vit,blocks.8.mlp.fc2,
vit,blocks.8.mlp.drop2,
vit,blocks.8.ls2,1
vit,blocks.8.drop_path2,
vit,blocks.9,
vit,blocks.9.norm1,
vit,blocks.9.attn,
vit,blocks.9.attn.qkv,
vit,blocks.9.attn.q_norm,
vit,blocks.9.attn.k_norm,
vit,blocks.9.attn.attn_drop,
vit,blocks.9.attn.proj,
vit,blocks.9.attn.proj_drop,
vit,blocks.9.ls1,
vit,blocks.9.drop_path1,
vit,blocks.9.norm2,
vit,blocks.9.mlp,
vit,blocks.9.mlp.fc1,
vit,blocks.9.mlp.act,
vit,blocks.9.mlp.drop1,
vit,blocks.9.mlp.norm,
vit,blocks.9.mlp.fc2,
vit,blocks.9.mlp.drop2,
vit,blocks.9.ls2,1
vit,blocks.9.drop_path2,
vit,blocks.10,
vit,blocks.10.norm1,
vit,blocks.10.attn,
vit,blocks.10.attn.qkv,
vit,blocks.10.attn.q_norm,
vit,blocks.10.attn.k_norm,
vit,blocks.10.attn.attn_drop,
vit,blocks.10.attn.proj,
vit,blocks.10.attn.proj_drop,
vit,blocks.10.ls1,
vit,blocks.10.drop_path1,
vit,blocks.10.norm2,
vit,blocks.10.mlp,
vit,blocks.10.mlp.fc1,
vit,blocks.10.mlp.act,
vit,blocks.10.mlp.drop1,
vit,blocks.10.mlp.norm,
vit,blocks.10.mlp.fc2,
vit,blocks.10.mlp.drop2,
vit,blocks.10.ls2,1
vit,blocks.10.drop_path2,
vit,blocks.11,
vit,blocks.11.norm1,
vit,blocks.11.attn,
vit,blocks.11.attn.qkv,
vit,blocks.11.attn.q_norm,
vit,blocks.11.attn.k_norm,
vit,blocks.11.attn.attn_drop,
vit,blocks.11.attn.proj,
vit,blocks.11.attn.proj_drop,
vit,blocks.11.ls1,
vit,blocks.11.drop_path1,
vit,blocks.11.norm2,
vit,blocks.11.mlp,
vit,blocks.11.mlp.fc1,
vit,blocks.11.mlp.act,
vit,blocks.11.mlp.drop1,
vit,blocks.11.mlp.norm,
vit,blocks.11.mlp.fc2,
vit,blocks.11.mlp.drop2,
vit,blocks.11.ls2,1
vit,blocks.11.drop_path2,
vit,norm,
vit,fc_norm,
vit,head_drop,
vit,head,
clip_vit,,
clip_vit,visual,
clip_vit,visual.conv1,
clip_vit,visual.ln_pre,
clip_vit,visual.transformer,
clip_vit,visual.transformer.resblocks,
clip_vit,visual.transformer.resblocks.0,
clip_vit,visual.transformer.resblocks.0.attn,
clip_vit,visual.transformer.resblocks.0.attn.out_proj,
clip_vit,visual.transformer.resblocks.0.ln_1,
clip_vit,visual.transformer.resblocks.0.mlp,
clip_vit,visual.transformer.resblocks.0.mlp.c_fc,
clip_vit,visual.transformer.resblocks.0.mlp.gelu,
clip_vit,visual.transformer.resblocks.0.mlp.c_proj,
clip_vit,visual.transformer.resblocks.0.ln_2,1
clip_vit,visual.transformer.resblocks.1,
clip_vit,visual.transformer.resblocks.1.attn,
clip_vit,visual.transformer.resblocks.1.attn.out_proj,
clip_vit,visual.transformer.resblocks.1.ln_1,
clip_vit,visual.transformer.resblocks.1.mlp,
clip_vit,visual.transformer.resblocks.1.mlp.c_fc,
clip_vit,visual.transformer.resblocks.1.mlp.gelu,
clip_vit,visual.transformer.resblocks.1.mlp.c_proj,
clip_vit,visual.transformer.resblocks.1.ln_2,1
clip_vit,visual.transformer.resblocks.2,
clip_vit,visual.transformer.resblocks.2.attn,
clip_vit,visual.transformer.resblocks.2.attn.out_proj,
clip_vit,visual.transformer.resblocks.2.ln_1,
clip_vit,visual.transformer.resblocks.2.mlp,
clip_vit,visual.transformer.resblocks.2.mlp.c_fc,
clip_vit,visual.transformer.resblocks.2.mlp.gelu,
clip_vit,visual.transformer.resblocks.2.mlp.c_proj,
clip_vit,visual.transformer.resblocks.2.ln_2,1
clip_vit,visual.transformer.resblocks.3,
clip_vit,visual.transformer.resblocks.3.attn,
clip_vit,visual.transformer.resblocks.3.attn.out_proj,
clip_vit,visual.transformer.resblocks.3.ln_1,
clip_vit,visual.transformer.resblocks.3.mlp,
clip_vit,visual.transformer.resblocks.3.mlp.c_fc,
clip_vit,visual.transformer.resblocks.3.mlp.gelu,
clip_vit,visual.transformer.resblocks.3.mlp.c_proj,
clip_vit,visual.transformer.resblocks.3.ln_2,1
clip_vit,visual.transformer.resblocks.4,
clip_vit,visual.transformer.resblocks.4.attn,
clip_vit,visual.transformer.resblocks.4.attn.out_proj,
clip_vit,visual.transformer.resblocks.4.ln_1,
clip_vit,visual.transformer.resblocks.4.mlp,
clip_vit,visual.transformer.resblocks.4.mlp.c_fc,
clip_vit,visual.transformer.resblocks.4.mlp.gelu,
clip_vit,visual.transformer.resblocks.4.mlp.c_proj,
clip_vit,visual.transformer.resblocks.4.ln_2,1
clip_vit,visual.transformer.resblocks.5,
clip_vit,visual.transformer.resblocks.5.attn,
clip_vit,visual.transformer.resblocks.5.attn.out_proj,
clip_vit,visual.transformer.resblocks.5.ln_1,
clip_vit,visual.transformer.resblocks.5.mlp,
clip_vit,visual.transformer.resblocks.5.mlp.c_fc,
clip_vit,visual.transformer.resblocks.5.mlp.gelu,
clip_vit,visual.transformer.resblocks.5.mlp.c_proj,
clip_vit,visual.transformer.resblocks.5.ln_2,1
clip_vit,visual.transformer.resblocks.6,
clip_vit,visual.transformer.resblocks.6.attn,
clip_vit,visual.transformer.resblocks.6.attn.out_proj,
clip_vit,visual.transformer.resblocks.6.ln_1,
clip_vit,visual.transformer.resblocks.6.mlp,
clip_vit,visual.transformer.resblocks.6.mlp.c_fc,
clip_vit,visual.transformer.resblocks.6.mlp.gelu,
clip_vit,visual.transformer.resblocks.6.mlp.c_proj,
clip_vit,visual.transformer.resblocks.6.ln_2,1
clip_vit,visual.transformer.resblocks.7,
clip_vit,visual.transformer.resblocks.7.attn,
clip_vit,visual.transformer.resblocks.7.attn.out_proj,
clip_vit,visual.transformer.resblocks.7.ln_1,
clip_vit,visual.transformer.resblocks.7.mlp,
clip_vit,visual.transformer.resblocks.7.mlp.c_fc,
clip_vit,visual.transformer.resblocks.7.mlp.gelu,
clip_vit,visual.transformer.resblocks.7.mlp.c_proj,
clip_vit,visual.transformer.resblocks.7.ln_2,1
clip_vit,visual.transformer.resblocks.8,
clip_vit,visual.transformer.resblocks.8.attn,
clip_vit,visual.transformer.resblocks.8.attn.out_proj,
clip_vit,visual.transformer.resblocks.8.ln_1,
clip_vit,visual.transformer.resblocks.8.mlp,
clip_vit,visual.transformer.resblocks.8.mlp.c_fc,
clip_vit,visual.transformer.resblocks.8.mlp.gelu,
clip_vit,visual.transformer.resblocks.8.mlp.c_proj,
clip_vit,visual.transformer.resblocks.8.ln_2,1
clip_vit,visual.transformer.resblocks.9,
clip_vit,visual.transformer.resblocks.9.attn,
clip_vit,visual.transformer.resblocks.9.attn.out_proj,
clip_vit,visual.transformer.resblocks.9.ln_1,
clip_vit,visual.transformer.resblocks.9.mlp,
clip_vit,visual.transformer.resblocks.9.mlp.c_fc,
clip_vit,visual.transformer.resblocks.9.mlp.gelu,
clip_vit,visual.transformer.resblocks.9.mlp.c_proj,
clip_vit,visual.transformer.resblocks.9.ln_2,1
clip_vit,visual.transformer.resblocks.10,
clip_vit,visual.transformer.resblocks.10.attn,
clip_vit,visual.transformer.resblocks.10.attn.out_proj,
clip_vit,visual.transformer.resblocks.10.ln_1,
clip_vit,visual.transformer.resblocks.10.mlp,
clip_vit,visual.transformer.resblocks.10.mlp.c_fc,
clip_vit,visual.transformer.resblocks.10.mlp.gelu,
clip_vit,visual.transformer.resblocks.10.mlp.c_proj,
clip_vit,visual.transformer.resblocks.10.ln_2,1
clip_vit,visual.transformer.resblocks.11,
clip_vit,visual.transformer.resblocks.11.attn,
clip_vit,visual.transformer.resblocks.11.attn.out_proj,
clip_vit,visual.transformer.resblocks.11.ln_1,
clip_vit,visual.transformer.resblocks.11.mlp,
clip_vit,visual.transformer.resblocks.11.mlp.c_fc,
clip_vit,visual.transformer.resblocks.11.mlp.gelu,
clip_vit,visual.transformer.resblocks.11.mlp.c_proj,
clip_vit,visual.transformer.resblocks.11.ln_2,1
clip_vit,visual.ln_post,
clip_vit,transformer,
clip_vit,transformer.resblocks,
clip_vit,transformer.resblocks.0,
clip_vit,transformer.resblocks.0.attn,
clip_vit,transformer.resblocks.0.attn.out_proj,
clip_vit,transformer.resblocks.0.ln_1,
clip_vit,transformer.resblocks.0.mlp,
clip_vit,transformer.resblocks.0.mlp.c_fc,
clip_vit,transformer.resblocks.0.mlp.gelu,
clip_vit,transformer.resblocks.0.mlp.c_proj,
clip_vit,transformer.resblocks.0.ln_2,1
clip_vit,transformer.resblocks.1,
clip_vit,transformer.resblocks.1.attn,
clip_vit,transformer.resblocks.1.attn.out_proj,
clip_vit,transformer.resblocks.1.ln_1,
clip_vit,transformer.resblocks.1.mlp,
clip_vit,transformer.resblocks.1.mlp.c_fc,
clip_vit,transformer.resblocks.1.mlp.gelu,
clip_vit,transformer.resblocks.1.mlp.c_proj,
clip_vit,transformer.resblocks.1.ln_2,1
clip_vit,transformer.resblocks.2,
clip_vit,transformer.resblocks.2.attn,
clip_vit,transformer.resblocks.2.attn.out_proj,
clip_vit,transformer.resblocks.2.ln_1,
clip_vit,transformer.resblocks.2.mlp,
clip_vit,transformer.resblocks.2.mlp.c_fc,
clip_vit,transformer.resblocks.2.mlp.gelu,
clip_vit,transformer.resblocks.2.mlp.c_proj,
clip_vit,transformer.resblocks.2.ln_2,1
clip_vit,transformer.resblocks.3,
clip_vit,transformer.resblocks.3.attn,
clip_vit,transformer.resblocks.3.attn.out_proj,
clip_vit,transformer.resblocks.3.ln_1,
clip_vit,transformer.resblocks.3.mlp,
clip_vit,transformer.resblocks.3.mlp.c_fc,
clip_vit,transformer.resblocks.3.mlp.gelu,
clip_vit,transformer.resblocks.3.mlp.c_proj,
clip_vit,transformer.resblocks.3.ln_2,1
clip_vit,transformer.resblocks.4,
clip_vit,transformer.resblocks.4.attn,
clip_vit,transformer.resblocks.4.attn.out_proj,
clip_vit,transformer.resblocks.4.ln_1,
clip_vit,transformer.resblocks.4.mlp,
clip_vit,transformer.resblocks.4.mlp.c_fc,
clip_vit,transformer.resblocks.4.mlp.gelu,
clip_vit,transformer.resblocks.4.mlp.c_proj,
clip_vit,transformer.resblocks.4.ln_2,1
clip_vit,transformer.resblocks.5,
clip_vit,transformer.resblocks.5.attn,
clip_vit,transformer.resblocks.5.attn.out_proj,
clip_vit,transformer.resblocks.5.ln_1,
clip_vit,transformer.resblocks.5.mlp,
clip_vit,transformer.resblocks.5.mlp.c_fc,
clip_vit,transformer.resblocks.5.mlp.gelu,
clip_vit,transformer.resblocks.5.mlp.c_proj,
clip_vit,transformer.resblocks.5.ln_2,1
clip_vit,transformer.resblocks.6,
clip_vit,transformer.resblocks.6.attn,
clip_vit,transformer.resblocks.6.attn.out_proj,
clip_vit,transformer.resblocks.6.ln_1,
clip_vit,transformer.resblocks.6.mlp,
clip_vit,transformer.resblocks.6.mlp.c_fc,
clip_vit,transformer.resblocks.6.mlp.gelu,
clip_vit,transformer.resblocks.6.mlp.c_proj,
clip_vit,transformer.resblocks.6.ln_2,1
clip_vit,transformer.resblocks.7,
clip_vit,transformer.resblocks.7.attn,
clip_vit,transformer.resblocks.7.attn.out_proj,
clip_vit,transformer.resblocks.7.ln_1,
clip_vit,transformer.resblocks.7.mlp,
clip_vit,transformer.resblocks.7.mlp.c_fc,
clip_vit,transformer.resblocks.7.mlp.gelu,
clip_vit,transformer.resblocks.7.mlp.c_proj,
clip_vit,transformer.resblocks.7.ln_2,1
clip_vit,transformer.resblocks.8,
clip_vit,transformer.resblocks.8.attn,
clip_vit,transformer.resblocks.8.attn.out_proj,
clip_vit,transformer.resblocks.8.ln_1,
clip_vit,transformer.resblocks.8.mlp,
clip_vit,transformer.resblocks.8.mlp.c_fc,
clip_vit,transformer.resblocks.8.mlp.gelu,
clip_vit,transformer.resblocks.8.mlp.c_proj,
clip_vit,transformer.resblocks.8.ln_2,1
clip_vit,transformer.resblocks.9,
clip_vit,transformer.resblocks.9.attn,
clip_vit,transformer.resblocks.9.attn.out_proj,
clip_vit,transformer.resblocks.9.ln_1,
clip_vit,transformer.resblocks.9.mlp,
clip_vit,transformer.resblocks.9.mlp.c_fc,
clip_vit,transformer.resblocks.9.mlp.gelu,
clip_vit,transformer.resblocks.9.mlp.c_proj,
clip_vit,transformer.resblocks.9.ln_2,1
clip_vit,transformer.resblocks.10,
clip_vit,transformer.resblocks.10.attn,
clip_vit,transformer.resblocks.10.attn.out_proj,
clip_vit,transformer.resblocks.10.ln_1,
clip_vit,transformer.resblocks.10.mlp,
clip_vit,transformer.resblocks.10.mlp.c_fc,
clip_vit,transformer.resblocks.10.mlp.gelu,
clip_vit,transformer.resblocks.10.mlp.c_proj,
clip_vit,transformer.resblocks.10.ln_2,1
clip_vit,transformer.resblocks.11,
clip_vit,transformer.resblocks.11.attn,
clip_vit,transformer.resblocks.11.attn.out_proj,
clip_vit,transformer.resblocks.11.ln_1,
clip_vit,transformer.resblocks.11.mlp,
clip_vit,transformer.resblocks.11.mlp.c_fc,
clip_vit,transformer.resblocks.11.mlp.gelu,
clip_vit,transformer.resblocks.11.mlp.c_proj,
clip_vit,transformer.resblocks.11.ln_2,1
clip_vit,token_embedding,
clip_vit,ln_final,
resnet50,,
resnet50,conv1,
resnet50,bn1,
resnet50,relu,
resnet50,maxpool,
resnet50,layer1,
resnet50,layer1.0,
resnet50,layer1.0.conv1,
resnet50,layer1.0.bn1,
resnet50,layer1.0.conv2,
resnet50,layer1.0.bn2,
resnet50,layer1.0.conv3,
resnet50,layer1.0.bn3,
resnet50,layer1.0.relu,
resnet50,layer1.0.downsample,
resnet50,layer1.0.downsample.0,
resnet50,layer1.0.downsample.1,
resnet50,layer1.1,
resnet50,layer1.1.conv1,
resnet50,layer1.1.bn1,
resnet50,layer1.1.conv2,
resnet50,layer1.1.bn2,
resnet50,layer1.1.conv3,
resnet50,layer1.1.bn3,
resnet50,layer1.1.relu,
resnet50,layer1.2,
resnet50,layer1.2.conv1,
resnet50,layer1.2.bn1,
resnet50,layer1.2.conv2,
resnet50,layer1.2.bn2,
resnet50,layer1.2.conv3,
resnet50,layer1.2.bn3,
resnet50,layer1.2.relu,1
resnet50,layer2,
resnet50,layer2.0,
resnet50,layer2.0.conv1,
resnet50,layer2.0.bn1,
resnet50,layer2.0.conv2,
resnet50,layer2.0.bn2,
resnet50,layer2.0.conv3,
resnet50,layer2.0.bn3,
resnet50,layer2.0.relu,
resnet50,layer2.0.downsample,
resnet50,layer2.0.downsample.0,
resnet50,layer2.0.downsample.1,
resnet50,layer2.1,
resnet50,layer2.1.conv1,
resnet50,layer2.1.bn1,
resnet50,layer2.1.conv2,
resnet50,layer2.1.bn2,
resnet50,layer2.1.conv3,
resnet50,layer2.1.bn3,
resnet50,layer2.1.relu,
resnet50,layer2.2,
resnet50,layer2.2.conv1,
resnet50,layer2.2.bn1,
resnet50,layer2.2.conv2,
resnet50,layer2.2.bn2,
resnet50,layer2.2.conv3,
resnet50,layer2.2.bn3,
resnet50,layer2.2.relu,
resnet50,layer2.3,
resnet50,layer2.3.conv1,
resnet50,layer2.3.bn1,
resnet50,layer2.3.conv2,
resnet50,layer2.3.bn2,
resnet50,layer2.3.conv3,
resnet50,layer2.3.bn3,
resnet50,layer2.3.relu,1
resnet50,layer3,
resnet50,layer3.0,
resnet50,layer3.0.conv1,
resnet50,layer3.0.bn1,
resnet50,layer3.0.conv2,
resnet50,layer3.0.bn2,
resnet50,layer3.0.conv3,
resnet50,layer3.0.bn3,
resnet50,layer3.0.relu,
resnet50,layer3.0.downsample,
resnet50,layer3.0.downsample.0,
resnet50,layer3.0.downsample.1,
resnet50,layer3.1,
resnet50,layer3.1.conv1,
resnet50,layer3.1.bn1,
resnet50,layer3.1.conv2,
resnet50,layer3.1.bn2,
resnet50,layer3.1.conv3,
resnet50,layer3.1.bn3,
resnet50,layer3.1.relu,
resnet50,layer3.2,
resnet50,layer3.2.conv1,
resnet50,layer3.2.bn1,
resnet50,layer3.2.conv2,
resnet50,layer3.2.bn2,
resnet50,layer3.2.conv3,
resnet50,layer3.2.bn3,
resnet50,layer3.2.relu,
resnet50,layer3.3,
resnet50,layer3.3.conv1,
resnet50,layer3.3.bn1,
resnet50,layer3.3.conv2,
resnet50,layer3.3.bn2,
resnet50,layer3.3.conv3,
resnet50,layer3.3.bn3,
resnet50,layer3.3.relu,
resnet50,layer3.4,
resnet50,layer3.4.conv1,
resnet50,layer3.4.bn1,
resnet50,layer3.4.conv2,
resnet50,layer3.4.bn2,
resnet50,layer3.4.conv3,
resnet50,layer3.4.bn3,
resnet50,layer3.4.relu,
resnet50,layer3.5,
resnet50,layer3.5.conv1,
resnet50,layer3.5.bn1,
resnet50,layer3.5.conv2,
resnet50,layer3.5.bn2,
resnet50,layer3.5.conv3,
resnet50,layer3.5.bn3,
resnet50,layer3.5.relu,1
resnet50,layer4,
resnet50,layer4.0,
resnet50,layer4.0.conv1,
resnet50,layer4.0.bn1,
resnet50,layer4.0.conv2,
resnet50,layer4.0.bn2,
resnet50,layer4.0.conv3,
resnet50,layer4.0.bn3,
resnet50,layer4.0.relu,
resnet50,layer4.0.downsample,
resnet50,layer4.0.downsample.0,
resnet50,layer4.0.downsample.1,
resnet50,layer4.1,
resnet50,layer4.1.conv1,
resnet50,layer4.1.bn1,
resnet50,layer4.1.conv2,
resnet50,layer4.1.bn2,
resnet50,layer4.1.conv3,
resnet50,layer4.1.bn3,
resnet50,layer4.1.relu,
resnet50,layer4.2,
resnet50,layer4.2.conv1,
resnet50,layer4.2.bn1,
resnet50,layer4.2.conv2,
resnet50,layer4.2.bn2,
resnet50,layer4.2.conv3,
resnet50,layer4.2.bn3,
resnet50,layer4.2.relu,1
resnet50,avgpool,1
resnet50,fc,
resnet50_21k,,
resnet50_21k,conv1,
resnet50_21k,bn1,
resnet50_21k,act1,
resnet50_21k,maxpool,
resnet50_21k,layer1,
resnet50_21k,layer1.0,
resnet50_21k,layer1.0.conv1,
resnet50_21k,layer1.0.bn1,
resnet50_21k,layer1.0.act1,
resnet50_21k,layer1.0.conv2,
resnet50_21k,layer1.0.bn2,
resnet50_21k,layer1.0.drop_block,
resnet50_21k,layer1.0.act2,
resnet50_21k,layer1.0.aa,
resnet50_21k,layer1.0.conv3,
resnet50_21k,layer1.0.bn3,
resnet50_21k,layer1.0.act3,
resnet50_21k,layer1.0.downsample,
resnet50_21k,layer1.0.downsample.0,
resnet50_21k,layer1.0.downsample.1,
resnet50_21k,layer1.1,
resnet50_21k,layer1.1.conv1,
resnet50_21k,layer1.1.bn1,
resnet50_21k,layer1.1.act1,
resnet50_21k,layer1.1.conv2,
resnet50_21k,layer1.1.bn2,
resnet50_21k,layer1.1.drop_block,
resnet50_21k,layer1.1.act2,
resnet50_21k,layer1.1.aa,
resnet50_21k,layer1.1.conv3,
resnet50_21k,layer1.1.bn3,
resnet50_21k,layer1.1.act3,
resnet50_21k,layer1.2,
resnet50_21k,layer1.2.conv1,
resnet50_21k,layer1.2.bn1,
resnet50_21k,layer1.2.act1,
resnet50_21k,layer1.2.conv2,
resnet50_21k,layer1.2.bn2,
resnet50_21k,layer1.2.drop_block,
resnet50_21k,layer1.2.act2,
resnet50_21k,layer1.2.aa,
resnet50_21k,layer1.2.conv3,
resnet50_21k,layer1.2.bn3,
resnet50_21k,layer1.2.act3,1
resnet50_21k,layer2,
resnet50_21k,layer2.0,
resnet50_21k,layer2.0.conv1,
resnet50_21k,layer2.0.bn1,
resnet50_21k,layer2.0.act1,
resnet50_21k,layer2.0.conv2,
resnet50_21k,layer2.0.bn2,
resnet50_21k,layer2.0.drop_block,
resnet50_21k,layer2.0.act2,
resnet50_21k,layer2.0.aa,
resnet50_21k,layer2.0.conv3,
resnet50_21k,layer2.0.bn3,
resnet50_21k,layer2.0.act3,
resnet50_21k,layer2.0.downsample,
resnet50_21k,layer2.0.downsample.0,
resnet50_21k,layer2.0.downsample.1,
resnet50_21k,layer2.1,
resnet50_21k,layer2.1.conv1,
resnet50_21k,layer2.1.bn1,
resnet50_21k,layer2.1.act1,
resnet50_21k,layer2.1.conv2,
resnet50_21k,layer2.1.bn2,
resnet50_21k,layer2.1.drop_block,
resnet50_21k,layer2.1.act2,
resnet50_21k,layer2.1.aa,
resnet50_21k,layer2.1.conv3,
resnet50_21k,layer2.1.bn3,
resnet50_21k,layer2.1.act3,
resnet50_21k,layer2.2,
resnet50_21k,layer2.2.conv1,
resnet50_21k,layer2.2.bn1,
resnet50_21k,layer2.2.act1,
resnet50_21k,layer2.2.conv2,
resnet50_21k,layer2.2.bn2,
resnet50_21k,layer2.2.drop_block,
resnet50_21k,layer2.2.act2,
resnet50_21k,layer2.2.aa,
resnet50_21k,layer2.2.conv3,
resnet50_21k,layer2.2.bn3,
resnet50_21k,layer2.2.act3,
resnet50_21k,layer2.3,
resnet50_21k,layer2.3.conv1,
resnet50_21k,layer2.3.bn1,
resnet50_21k,layer2.3.act1,
resnet50_21k,layer2.3.conv2,
resnet50_21k,layer2.3.bn2,
resnet50_21k,layer2.3.drop_block,
resnet50_21k,layer2.3.act2,
resnet50_21k,layer2.3.aa,
resnet50_21k,layer2.3.conv3,
resnet50_21k,layer2.3.bn3,
resnet50_21k,layer2.3.act3,1
resnet50_21k,layer3,
resnet50_21k,layer3.0,
resnet50_21k,layer3.0.conv1,
resnet50_21k,layer3.0.bn1,
resnet50_21k,layer3.0.act1,
resnet50_21k,layer3.0.conv2,
resnet50_21k,layer3.0.bn2,
resnet50_21k,layer3.0.drop_block,
resnet50_21k,layer3.0.act2,
resnet50_21k,layer3.0.aa,
resnet50_21k,layer3.0.conv3,
resnet50_21k,layer3.0.bn3,
resnet50_21k,layer3.0.act3,
resnet50_21k,layer3.0.downsample,
resnet50_21k,layer3.0.downsample.0,
resnet50_21k,layer3.0.downsample.1,
resnet50_21k,layer3.1,
resnet50_21k,layer3.1.conv1,
resnet50_21k,layer3.1.bn1,
resnet50_21k,layer3.1.act1,
resnet50_21k,layer3.1.conv2,
resnet50_21k,layer3.1.bn2,
resnet50_21k,layer3.1.drop_block,
resnet50_21k,layer3.1.act2,
resnet50_21k,layer3.1.aa,
resnet50_21k,layer3.1.conv3,
resnet50_21k,layer3.1.bn3,
resnet50_21k,layer3.1.act3,
resnet50_21k,layer3.2,
resnet50_21k,layer3.2.conv1,
resnet50_21k,layer3.2.bn1,
resnet50_21k,layer3.2.act1,
resnet50_21k,layer3.2.conv2,
resnet50_21k,layer3.2.bn2,
resnet50_21k,layer3.2.drop_block,
resnet50_21k,layer3.2.act2,
resnet50_21k,layer3.2.aa,
resnet50_21k,layer3.2.conv3,
resnet50_21k,layer3.2.bn3,
resnet50_21k,layer3.2.act3,
resnet50_21k,layer3.3,
resnet50_21k,layer3.3.conv1,
resnet50_21k,layer3.3.bn1,
resnet50_21k,layer3.3.act1,
resnet50_21k,layer3.3.conv2,
resnet50_21k,layer3.3.bn2,
resnet50_21k,layer3.3.drop_block,
resnet50_21k,layer3.3.act2,
resnet50_21k,layer3.3.aa,
resnet50_21k,layer3.3.conv3,
resnet50_21k,layer3.3.bn3,
resnet50_21k,layer3.3.act3,
resnet50_21k,layer3.4,
resnet50_21k,layer3.4.conv1,
resnet50_21k,layer3.4.bn1,
resnet50_21k,layer3.4.act1,
resnet50_21k,layer3.4.conv2,
resnet50_21k,layer3.4.bn2,
resnet50_21k,layer3.4.drop_block,
resnet50_21k,layer3.4.act2,
resnet50_21k,layer3.4.aa,
resnet50_21k,layer3.4.conv3,
resnet50_21k,layer3.4.bn3,
resnet50_21k,layer3.4.act3,
resnet50_21k,layer3.5,
resnet50_21k,layer3.5.conv1,
resnet50_21k,layer3.5.bn1,
resnet50_21k,layer3.5.act1,
resnet50_21k,layer3.5.conv2,
resnet50_21k,layer3.5.bn2,
resnet50_21k,layer3.5.drop_block,
resnet50_21k,layer3.5.act2,
resnet50_21k,layer3.5.aa,
resnet50_21k,layer3.5.conv3,
resnet50_21k,layer3.5.bn3,
resnet50_21k,layer3.5.act3,1
resnet50_21k,layer4,
resnet50_21k,layer4.0,
resnet50_21k,layer4.0.conv1,
resnet50_21k,layer4.0.bn1,
resnet50_21k,layer4.0.act1,
resnet50_21k,layer4.0.conv2,
resnet50_21k,layer4.0.bn2,
resnet50_21k,layer4.0.drop_block,
resnet50_21k,layer4.0.act2,
resnet50_21k,layer4.0.aa,
resnet50_21k,layer4.0.conv3,
resnet50_21k,layer4.0.bn3,
resnet50_21k,layer4.0.act3,
resnet50_21k,layer4.0.downsample,
resnet50_21k,layer4.0.downsample.0,
resnet50_21k,layer4.0.downsample.1,
resnet50_21k,layer4.1,
resnet50_21k,layer4.1.conv1,
resnet50_21k,layer4.1.bn1,
resnet50_21k,layer4.1.act1,
resnet50_21k,layer4.1.conv2,
resnet50_21k,layer4.1.bn2,
resnet50_21k,layer4.1.drop_block,
resnet50_21k,layer4.1.act2,
resnet50_21k,layer4.1.aa,
resnet50_21k,layer4.1.conv3,
resnet50_21k,layer4.1.bn3,
resnet50_21k,layer4.1.act3,
resnet50_21k,layer4.2,
resnet50_21k,layer4.2.conv1,
resnet50_21k,layer4.2.bn1,
resnet50_21k,layer4.2.act1,
resnet50_21k,layer4.2.conv2,
resnet50_21k,layer4.2.bn2,
resnet50_21k,layer4.2.drop_block,
resnet50_21k,layer4.2.act2,
resnet50_21k,layer4.2.aa,
resnet50_21k,layer4.2.conv3,
resnet50_21k,layer4.2.bn3,
resnet50_21k,layer4.2.act3,1
resnet50_21k,global_pool,1
resnet50_21k,global_pool.pool,
resnet50_21k,global_pool.flatten,
resnet50_21k,fc,
clip_resnet_15m,,
clip_resnet_15m,visual,
clip_resnet_15m,visual.conv1,
clip_resnet_15m,visual.bn1,
clip_resnet_15m,visual.act1,
clip_resnet_15m,visual.conv2,
clip_resnet_15m,visual.bn2,
clip_resnet_15m,visual.act2,
clip_resnet_15m,visual.conv3,
clip_resnet_15m,visual.bn3,
clip_resnet_15m,visual.act3,
clip_resnet_15m,visual.avgpool,
clip_resnet_15m,visual.layer1,
clip_resnet_15m,visual.layer1.0,
clip_resnet_15m,visual.layer1.0.conv1,
clip_resnet_15m,visual.layer1.0.bn1,
clip_resnet_15m,visual.layer1.0.act1,
clip_resnet_15m,visual.layer1.0.conv2,
clip_resnet_15m,visual.layer1.0.bn2,
clip_resnet_15m,visual.layer1.0.act2,
clip_resnet_15m,visual.layer1.0.avgpool,
clip_resnet_15m,visual.layer1.0.conv3,
clip_resnet_15m,visual.layer1.0.bn3,
clip_resnet_15m,visual.layer1.0.act3,
clip_resnet_15m,visual.layer1.0.downsample,
clip_resnet_15m,visual.layer1.0.downsample.-1,
clip_resnet_15m,visual.layer1.0.downsample.0,
clip_resnet_15m,visual.layer1.0.downsample.1,
clip_resnet_15m,visual.layer1.1,
clip_resnet_15m,visual.layer1.1.conv1,
clip_resnet_15m,visual.layer1.1.bn1,
clip_resnet_15m,visual.layer1.1.act1,
clip_resnet_15m,visual.layer1.1.conv2,
clip_resnet_15m,visual.layer1.1.bn2,
clip_resnet_15m,visual.layer1.1.act2,
clip_resnet_15m,visual.layer1.1.avgpool,
clip_resnet_15m,visual.layer1.1.conv3,
clip_resnet_15m,visual.layer1.1.bn3,
clip_resnet_15m,visual.layer1.1.act3,
clip_resnet_15m,visual.layer1.2,
clip_resnet_15m,visual.layer1.2.conv1,
clip_resnet_15m,visual.layer1.2.bn1,
clip_resnet_15m,visual.layer1.2.act1,
clip_resnet_15m,visual.layer1.2.conv2,
clip_resnet_15m,visual.layer1.2.bn2,
clip_resnet_15m,visual.layer1.2.act2,
clip_resnet_15m,visual.layer1.2.avgpool,
clip_resnet_15m,visual.layer1.2.conv3,
clip_resnet_15m,visual.layer1.2.bn3,
clip_resnet_15m,visual.layer1.2.act3,1
clip_resnet_15m,visual.layer2,
clip_resnet_15m,visual.layer2.0,
clip_resnet_15m,visual.layer2.0.conv1,
clip_resnet_15m,visual.layer2.0.bn1,
clip_resnet_15m,visual.layer2.0.act1,
clip_resnet_15m,visual.layer2.0.conv2,
clip_resnet_15m,visual.layer2.0.bn2,
clip_resnet_15m,visual.layer2.0.act2,
clip_resnet_15m,visual.layer2.0.avgpool,
clip_resnet_15m,visual.layer2.0.conv3,
clip_resnet_15m,visual.layer2.0.bn3,
clip_resnet_15m,visual.layer2.0.act3,
clip_resnet_15m,visual.layer2.0.downsample,
clip_resnet_15m,visual.layer2.0.downsample.-1,
clip_resnet_15m,visual.layer2.0.downsample.0,
clip_resnet_15m,visual.layer2.0.downsample.1,
clip_resnet_15m,visual.layer2.1,
clip_resnet_15m,visual.layer2.1.conv1,
clip_resnet_15m,visual.layer2.1.bn1,
clip_resnet_15m,visual.layer2.1.act1,
clip_resnet_15m,visual.layer2.1.conv2,
clip_resnet_15m,visual.layer2.1.bn2,
clip_resnet_15m,visual.layer2.1.act2,
clip_resnet_15m,visual.layer2.1.avgpool,
clip_resnet_15m,visual.layer2.1.conv3,
clip_resnet_15m,visual.layer2.1.bn3,
clip_resnet_15m,visual.layer2.1.act3,
clip_resnet_15m,visual.layer2.2,
clip_resnet_15m,visual.layer2.2.conv1,
clip_resnet_15m,visual.layer2.2.bn1,
clip_resnet_15m,visual.layer2.2.act1,
clip_resnet_15m,visual.layer2.2.conv2,
clip_resnet_15m,visual.layer2.2.bn2,
clip_resnet_15m,visual.layer2.2.act2,
clip_resnet_15m,visual.layer2.2.avgpool,
clip_resnet_15m,visual.layer2.2.conv3,
clip_resnet_15m,visual.layer2.2.bn3,
clip_resnet_15m,visual.layer2.2.act3,
clip_resnet_15m,visual.layer2.3,
clip_resnet_15m,visual.layer2.3.conv1,
clip_resnet_15m,visual.layer2.3.bn1,
clip_resnet_15m,visual.layer2.3.act1,
clip_resnet_15m,visual.layer2.3.conv2,
clip_resnet_15m,visual.layer2.3.bn2,
clip_resnet_15m,visual.layer2.3.act2,
clip_resnet_15m,visual.layer2.3.avgpool,
clip_resnet_15m,visual.layer2.3.conv3,
clip_resnet_15m,visual.layer2.3.bn3,
clip_resnet_15m,visual.layer2.3.act3,1
clip_resnet_15m,visual.layer3,
clip_resnet_15m,visual.layer3.0,
clip_resnet_15m,visual.layer3.0.conv1,
clip_resnet_15m,visual.layer3.0.bn1,
clip_resnet_15m,visual.layer3.0.act1,
clip_resnet_15m,visual.layer3.0.conv2,
clip_resnet_15m,visual.layer3.0.bn2,
clip_resnet_15m,visual.layer3.0.act2,
clip_resnet_15m,visual.layer3.0.avgpool,
clip_resnet_15m,visual.layer3.0.conv3,
clip_resnet_15m,visual.layer3.0.bn3,
clip_resnet_15m,visual.layer3.0.act3,
clip_resnet_15m,visual.layer3.0.downsample,
clip_resnet_15m,visual.layer3.0.downsample.-1,
clip_resnet_15m,visual.layer3.0.downsample.0,
clip_resnet_15m,visual.layer3.0.downsample.1,
clip_resnet_15m,visual.layer3.1,
clip_resnet_15m,visual.layer3.1.conv1,
clip_resnet_15m,visual.layer3.1.bn1,
clip_resnet_15m,visual.layer3.1.act1,
clip_resnet_15m,visual.layer3.1.conv2,
clip_resnet_15m,visual.layer3.1.bn2,
clip_resnet_15m,visual.layer3.1.act2,
clip_resnet_15m,visual.layer3.1.avgpool,
clip_resnet_15m,visual.layer3.1.conv3,
clip_resnet_15m,visual.layer3.1.bn3,
clip_resnet_15m,visual.layer3.1.act3,
clip_resnet_15m,visual.layer3.2,
clip_resnet_15m,visual.layer3.2.conv1,
clip_resnet_15m,visual.layer3.2.bn1,
clip_resnet_15m,visual.layer3.2.act1,
clip_resnet_15m,visual.layer3.2.conv2,
clip_resnet_15m,visual.layer3.2.bn2,
clip_resnet_15m,visual.layer3.2.act2,
clip_resnet_15m,visual.layer3.2.avgpool,
clip_resnet_15m,visual.layer3.2.conv3,
clip_resnet_15m,visual.layer3.2.bn3,
clip_resnet_15m,visual.layer3.2.act3,
clip_resnet_15m,visual.layer3.3,
clip_resnet_15m,visual.layer3.3.conv1,
clip_resnet_15m,visual.layer3.3.bn1,
clip_resnet_15m,visual.layer3.3.act1,
clip_resnet_15m,visual.layer3.3.conv2,
clip_resnet_15m,visual.layer3.3.bn2,
clip_resnet_15m,visual.layer3.3.act2,
clip_resnet_15m,visual.layer3.3.avgpool,
clip_resnet_15m,visual.layer3.3.conv3,
clip_resnet_15m,visual.layer3.3.bn3,
clip_resnet_15m,visual.layer3.3.act3,
clip_resnet_15m,visual.layer3.4,
clip_resnet_15m,visual.layer3.4.conv1,
clip_resnet_15m,visual.layer3.4.bn1,
clip_resnet_15m,visual.layer3.4.act1,
clip_resnet_15m,visual.layer3.4.conv2,
clip_resnet_15m,visual.layer3.4.bn2,
clip_resnet_15m,visual.layer3.4.act2,
clip_resnet_15m,visual.layer3.4.avgpool,
clip_resnet_15m,visual.layer3.4.conv3,
clip_resnet_15m,visual.layer3.4.bn3,
clip_resnet_15m,visual.layer3.4.act3,
clip_resnet_15m,visual.layer3.5,
clip_resnet_15m,visual.layer3.5.conv1,
clip_resnet_15m,visual.layer3.5.bn1,
clip_resnet_15m,visual.layer3.5.act1,
clip_resnet_15m,visual.layer3.5.conv2,
clip_resnet_15m,visual.layer3.5.bn2,
clip_resnet_15m,visual.layer3.5.act2,
clip_resnet_15m,visual.layer3.5.avgpool,
clip_resnet_15m,visual.layer3.5.conv3,
clip_resnet_15m,visual.layer3.5.bn3,
clip_resnet_15m,visual.layer3.5.act3,1
clip_resnet_15m,visual.layer4,
clip_resnet_15m,visual.layer4.0,
clip_resnet_15m,visual.layer4.0.conv1,
clip_resnet_15m,visual.layer4.0.bn1,
clip_resnet_15m,visual.layer4.0.act1,
clip_resnet_15m,visual.layer4.0.conv2,
clip_resnet_15m,visual.layer4.0.bn2,
clip_resnet_15m,visual.layer4.0.act2,
clip_resnet_15m,visual.layer4.0.avgpool,
clip_resnet_15m,visual.layer4.0.conv3,
clip_resnet_15m,visual.layer4.0.bn3,
clip_resnet_15m,visual.layer4.0.act3,
clip_resnet_15m,visual.layer4.0.downsample,
clip_resnet_15m,visual.layer4.0.downsample.-1,
clip_resnet_15m,visual.layer4.0.downsample.0,
clip_resnet_15m,visual.layer4.0.downsample.1,
clip_resnet_15m,visual.layer4.1,
clip_resnet_15m,visual.layer4.1.conv1,
clip_resnet_15m,visual.layer4.1.bn1,
clip_resnet_15m,visual.layer4.1.act1,
clip_resnet_15m,visual.layer4.1.conv2,
clip_resnet_15m,visual.layer4.1.bn2,
clip_resnet_15m,visual.layer4.1.act2,
clip_resnet_15m,visual.layer4.1.avgpool,
clip_resnet_15m,visual.layer4.1.conv3,
clip_resnet_15m,visual.layer4.1.bn3,
clip_resnet_15m,visual.layer4.1.act3,
clip_resnet_15m,visual.layer4.2,
clip_resnet_15m,visual.layer4.2.conv1,
clip_resnet_15m,visual.layer4.2.bn1,
clip_resnet_15m,visual.layer4.2.act1,
clip_resnet_15m,visual.layer4.2.conv2,
clip_resnet_15m,visual.layer4.2.bn2,
clip_resnet_15m,visual.layer4.2.act2,
clip_resnet_15m,visual.layer4.2.avgpool,
clip_resnet_15m,visual.layer4.2.conv3,
clip_resnet_15m,visual.layer4.2.bn3,
clip_resnet_15m,visual.layer4.2.act3,1
clip_resnet_15m,visual.attnpool,
clip_resnet_15m,visual.attnpool.k_proj,
clip_resnet_15m,visual.attnpool.q_proj,
clip_resnet_15m,visual.attnpool.v_proj,
clip_resnet_15m,visual.attnpool.c_proj,1
clip_resnet_15m,transformer,
clip_resnet_15m,transformer.resblocks,
clip_resnet_15m,transformer.resblocks.0,
clip_resnet_15m,transformer.resblocks.0.ln_1,
clip_resnet_15m,transformer.resblocks.0.attn,
clip_resnet_15m,transformer.resblocks.0.attn.out_proj,
clip_resnet_15m,transformer.resblocks.0.ls_1,
clip_resnet_15m,transformer.resblocks.0.ln_2,
clip_resnet_15m,transformer.resblocks.0.mlp,
clip_resnet_15m,transformer.resblocks.0.mlp.c_fc,
clip_resnet_15m,transformer.resblocks.0.mlp.gelu,
clip_resnet_15m,transformer.resblocks.0.mlp.c_proj,
clip_resnet_15m,transformer.resblocks.0.ls_2,
clip_resnet_15m,transformer.resblocks.1,
clip_resnet_15m,transformer.resblocks.1.ln_1,
clip_resnet_15m,transformer.resblocks.1.attn,
clip_resnet_15m,transformer.resblocks.1.attn.out_proj,
clip_resnet_15m,transformer.resblocks.1.ls_1,
clip_resnet_15m,transformer.resblocks.1.ln_2,
clip_resnet_15m,transformer.resblocks.1.mlp,
clip_resnet_15m,transformer.resblocks.1.mlp.c_fc,
clip_resnet_15m,transformer.resblocks.1.mlp.gelu,
clip_resnet_15m,transformer.resblocks.1.mlp.c_proj,
clip_resnet_15m,transformer.resblocks.1.ls_2,
clip_resnet_15m,transformer.resblocks.2,
clip_resnet_15m,transformer.resblocks.2.ln_1,
clip_resnet_15m,transformer.resblocks.2.attn,
clip_resnet_15m,transformer.resblocks.2.attn.out_proj,
clip_resnet_15m,transformer.resblocks.2.ls_1,
clip_resnet_15m,transformer.resblocks.2.ln_2,
clip_resnet_15m,transformer.resblocks.2.mlp,
clip_resnet_15m,transformer.resblocks.2.mlp.c_fc,
clip_resnet_15m,transformer.resblocks.2.mlp.gelu,
clip_resnet_15m,transformer.resblocks.2.mlp.c_proj,
clip_resnet_15m,transformer.resblocks.2.ls_2,
clip_resnet_15m,transformer.resblocks.3,
clip_resnet_15m,transformer.resblocks.3.ln_1,
clip_resnet_15m,transformer.resblocks.3.attn,
clip_resnet_15m,transformer.resblocks.3.attn.out_proj,
clip_resnet_15m,transformer.resblocks.3.ls_1,
clip_resnet_15m,transformer.resblocks.3.ln_2,
clip_resnet_15m,transformer.resblocks.3.mlp,
clip_resnet_15m,transformer.resblocks.3.mlp.c_fc,
clip_resnet_15m,transformer.resblocks.3.mlp.gelu,
clip_resnet_15m,transformer.resblocks.3.mlp.c_proj,
clip_resnet_15m,transformer.resblocks.3.ls_2,
clip_resnet_15m,transformer.resblocks.4,
clip_resnet_15m,transformer.resblocks.4.ln_1,
clip_resnet_15m,transformer.resblocks.4.attn,
clip_resnet_15m,transformer.resblocks.4.attn.out_proj,
clip_resnet_15m,transformer.resblocks.4.ls_1,
clip_resnet_15m,transformer.resblocks.4.ln_2,
clip_resnet_15m,transformer.resblocks.4.mlp,
clip_resnet_15m,transformer.resblocks.4.mlp.c_fc,
clip_resnet_15m,transformer.resblocks.4.mlp.gelu,
clip_resnet_15m,transformer.resblocks.4.mlp.c_proj,
clip_resnet_15m,transformer.resblocks.4.ls_2,
clip_resnet_15m,transformer.resblocks.5,
clip_resnet_15m,transformer.resblocks.5.ln_1,
clip_resnet_15m,transformer.resblocks.5.attn,
clip_resnet_15m,transformer.resblocks.5.attn.out_proj,
clip_resnet_15m,transformer.resblocks.5.ls_1,
clip_resnet_15m,transformer.resblocks.5.ln_2,
clip_resnet_15m,transformer.resblocks.5.mlp,
clip_resnet_15m,transformer.resblocks.5.mlp.c_fc,
clip_resnet_15m,transformer.resblocks.5.mlp.gelu,
clip_resnet_15m,transformer.resblocks.5.mlp.c_proj,
clip_resnet_15m,transformer.resblocks.5.ls_2,
clip_resnet_15m,transformer.resblocks.6,
clip_resnet_15m,transformer.resblocks.6.ln_1,
clip_resnet_15m,transformer.resblocks.6.attn,
clip_resnet_15m,transformer.resblocks.6.attn.out_proj,
clip_resnet_15m,transformer.resblocks.6.ls_1,
clip_resnet_15m,transformer.resblocks.6.ln_2,
clip_resnet_15m,transformer.resblocks.6.mlp,
clip_resnet_15m,transformer.resblocks.6.mlp.c_fc,
clip_resnet_15m,transformer.resblocks.6.mlp.gelu,
clip_resnet_15m,transformer.resblocks.6.mlp.c_proj,
clip_resnet_15m,transformer.resblocks.6.ls_2,
clip_resnet_15m,transformer.resblocks.7,
clip_resnet_15m,transformer.resblocks.7.ln_1,
clip_resnet_15m,transformer.resblocks.7.attn,
clip_resnet_15m,transformer.resblocks.7.attn.out_proj,
clip_resnet_15m,transformer.resblocks.7.ls_1,
clip_resnet_15m,transformer.resblocks.7.ln_2,
clip_resnet_15m,transformer.resblocks.7.mlp,
clip_resnet_15m,transformer.resblocks.7.mlp.c_fc,
clip_resnet_15m,transformer.resblocks.7.mlp.gelu,
clip_resnet_15m,transformer.resblocks.7.mlp.c_proj,
clip_resnet_15m,transformer.resblocks.7.ls_2,
clip_resnet_15m,transformer.resblocks.8,
clip_resnet_15m,transformer.resblocks.8.ln_1,
clip_resnet_15m,transformer.resblocks.8.attn,
clip_resnet_15m,transformer.resblocks.8.attn.out_proj,
clip_resnet_15m,transformer.resblocks.8.ls_1,
clip_resnet_15m,transformer.resblocks.8.ln_2,
clip_resnet_15m,transformer.resblocks.8.mlp,
clip_resnet_15m,transformer.resblocks.8.mlp.c_fc,
clip_resnet_15m,transformer.resblocks.8.mlp.gelu,
clip_resnet_15m,transformer.resblocks.8.mlp.c_proj,
clip_resnet_15m,transformer.resblocks.8.ls_2,
clip_resnet_15m,transformer.resblocks.9,
clip_resnet_15m,transformer.resblocks.9.ln_1,
clip_resnet_15m,transformer.resblocks.9.attn,
clip_resnet_15m,transformer.resblocks.9.attn.out_proj,
clip_resnet_15m,transformer.resblocks.9.ls_1,
clip_resnet_15m,transformer.resblocks.9.ln_2,
clip_resnet_15m,transformer.resblocks.9.mlp,
clip_resnet_15m,transformer.resblocks.9.mlp.c_fc,
clip_resnet_15m,transformer.resblocks.9.mlp.gelu,
clip_resnet_15m,transformer.resblocks.9.mlp.c_proj,
clip_resnet_15m,transformer.resblocks.9.ls_2,
clip_resnet_15m,transformer.resblocks.10,
clip_resnet_15m,transformer.resblocks.10.ln_1,
clip_resnet_15m,transformer.resblocks.10.attn,
clip_resnet_15m,transformer.resblocks.10.attn.out_proj,
clip_resnet_15m,transformer.resblocks.10.ls_1,
clip_resnet_15m,transformer.resblocks.10.ln_2,
clip_resnet_15m,transformer.resblocks.10.mlp,
clip_resnet_15m,transformer.resblocks.10.mlp.c_fc,
clip_resnet_15m,transformer.resblocks.10.mlp.gelu,
clip_resnet_15m,transformer.resblocks.10.mlp.c_proj,
clip_resnet_15m,transformer.resblocks.10.ls_2,
clip_resnet_15m,transformer.resblocks.11,
clip_resnet_15m,transformer.resblocks.11.ln_1,
clip_resnet_15m,transformer.resblocks.11.attn,
clip_resnet_15m,transformer.resblocks.11.attn.out_proj,
clip_resnet_15m,transformer.resblocks.11.ls_1,
clip_resnet_15m,transformer.resblocks.11.ln_2,
clip_resnet_15m,transformer.resblocks.11.mlp,
clip_resnet_15m,transformer.resblocks.11.mlp.c_fc,
clip_resnet_15m,transformer.resblocks.11.mlp.gelu,
clip_resnet_15m,transformer.resblocks.11.mlp.c_proj,
clip_resnet_15m,transformer.resblocks.11.ls_2,
clip_resnet_15m,token_embedding,
clip_resnet_15m,ln_final,
clip_resnet,,
clip_resnet,visual,
clip_resnet,visual.conv1,
clip_resnet,visual.bn1,
clip_resnet,visual.relu1,
clip_resnet,visual.conv2,
clip_resnet,visual.bn2,
clip_resnet,visual.relu2,
clip_resnet,visual.conv3,
clip_resnet,visual.bn3,
clip_resnet,visual.relu3,
clip_resnet,visual.avgpool,
clip_resnet,visual.layer1,
clip_resnet,visual.layer1.0,
clip_resnet,visual.layer1.0.conv1,
clip_resnet,visual.layer1.0.bn1,
clip_resnet,visual.layer1.0.relu1,
clip_resnet,visual.layer1.0.conv2,
clip_resnet,visual.layer1.0.bn2,
clip_resnet,visual.layer1.0.relu2,
clip_resnet,visual.layer1.0.avgpool,
clip_resnet,visual.layer1.0.conv3,
clip_resnet,visual.layer1.0.bn3,
clip_resnet,visual.layer1.0.relu3,
clip_resnet,visual.layer1.0.downsample,
clip_resnet,visual.layer1.0.downsample.-1,
clip_resnet,visual.layer1.0.downsample.0,
clip_resnet,visual.layer1.0.downsample.1,
clip_resnet,visual.layer1.1,
clip_resnet,visual.layer1.1.conv1,
clip_resnet,visual.layer1.1.bn1,
clip_resnet,visual.layer1.1.relu1,
clip_resnet,visual.layer1.1.conv2,
clip_resnet,visual.layer1.1.bn2,
clip_resnet,visual.layer1.1.relu2,
clip_resnet,visual.layer1.1.avgpool,
clip_resnet,visual.layer1.1.conv3,
clip_resnet,visual.layer1.1.bn3,
clip_resnet,visual.layer1.1.relu3,
clip_resnet,visual.layer1.2,
clip_resnet,visual.layer1.2.conv1,
clip_resnet,visual.layer1.2.bn1,
clip_resnet,visual.layer1.2.relu1,
clip_resnet,visual.layer1.2.conv2,
clip_resnet,visual.layer1.2.bn2,
clip_resnet,visual.layer1.2.relu2,
clip_resnet,visual.layer1.2.avgpool,
clip_resnet,visual.layer1.2.conv3,
clip_resnet,visual.layer1.2.bn3,
clip_resnet,visual.layer1.2.relu3,1
clip_resnet,visual.layer2,
clip_resnet,visual.layer2.0,
clip_resnet,visual.layer2.0.conv1,
clip_resnet,visual.layer2.0.bn1,
clip_resnet,visual.layer2.0.relu1,
clip_resnet,visual.layer2.0.conv2,
clip_resnet,visual.layer2.0.bn2,
clip_resnet,visual.layer2.0.relu2,
clip_resnet,visual.layer2.0.avgpool,
clip_resnet,visual.layer2.0.conv3,
clip_resnet,visual.layer2.0.bn3,
clip_resnet,visual.layer2.0.relu3,
clip_resnet,visual.layer2.0.downsample,
clip_resnet,visual.layer2.0.downsample.-1,
clip_resnet,visual.layer2.0.downsample.0,
clip_resnet,visual.layer2.0.downsample.1,
clip_resnet,visual.layer2.1,
clip_resnet,visual.layer2.1.conv1,
clip_resnet,visual.layer2.1.bn1,
clip_resnet,visual.layer2.1.relu1,
clip_resnet,visual.layer2.1.conv2,
clip_resnet,visual.layer2.1.bn2,
clip_resnet,visual.layer2.1.relu2,
clip_resnet,visual.layer2.1.avgpool,
clip_resnet,visual.layer2.1.conv3,
clip_resnet,visual.layer2.1.bn3,
clip_resnet,visual.layer2.1.relu3,
clip_resnet,visual.layer2.2,
clip_resnet,visual.layer2.2.conv1,
clip_resnet,visual.layer2.2.bn1,
clip_resnet,visual.layer2.2.relu1,
clip_resnet,visual.layer2.2.conv2,
clip_resnet,visual.layer2.2.bn2,
clip_resnet,visual.layer2.2.relu2,
clip_resnet,visual.layer2.2.avgpool,
clip_resnet,visual.layer2.2.conv3,
clip_resnet,visual.layer2.2.bn3,
clip_resnet,visual.layer2.2.relu3,
clip_resnet,visual.layer2.3,
clip_resnet,visual.layer2.3.conv1,
clip_resnet,visual.layer2.3.bn1,
clip_resnet,visual.layer2.3.relu1,
clip_resnet,visual.layer2.3.conv2,
clip_resnet,visual.layer2.3.bn2,
clip_resnet,visual.layer2.3.relu2,
clip_resnet,visual.layer2.3.avgpool,
clip_resnet,visual.layer2.3.conv3,
clip_resnet,visual.layer2.3.bn3,
clip_resnet,visual.layer2.3.relu3,1
clip_resnet,visual.layer3,
clip_resnet,visual.layer3.0,
clip_resnet,visual.layer3.0.conv1,
clip_resnet,visual.layer3.0.bn1,
clip_resnet,visual.layer3.0.relu1,
clip_resnet,visual.layer3.0.conv2,
clip_resnet,visual.layer3.0.bn2,
clip_resnet,visual.layer3.0.relu2,
clip_resnet,visual.layer3.0.avgpool,
clip_resnet,visual.layer3.0.conv3,
clip_resnet,visual.layer3.0.bn3,
clip_resnet,visual.layer3.0.relu3,
clip_resnet,visual.layer3.0.downsample,
clip_resnet,visual.layer3.0.downsample.-1,
clip_resnet,visual.layer3.0.downsample.0,
clip_resnet,visual.layer3.0.downsample.1,
clip_resnet,visual.layer3.1,
clip_resnet,visual.layer3.1.conv1,
clip_resnet,visual.layer3.1.bn1,
clip_resnet,visual.layer3.1.relu1,
clip_resnet,visual.layer3.1.conv2,
clip_resnet,visual.layer3.1.bn2,
clip_resnet,visual.layer3.1.relu2,
clip_resnet,visual.layer3.1.avgpool,
clip_resnet,visual.layer3.1.conv3,
clip_resnet,visual.layer3.1.bn3,
clip_resnet,visual.layer3.1.relu3,
clip_resnet,visual.layer3.2,
clip_resnet,visual.layer3.2.conv1,
clip_resnet,visual.layer3.2.bn1,
clip_resnet,visual.layer3.2.relu1,
clip_resnet,visual.layer3.2.conv2,
clip_resnet,visual.layer3.2.bn2,
clip_resnet,visual.layer3.2.relu2,
clip_resnet,visual.layer3.2.avgpool,
clip_resnet,visual.layer3.2.conv3,
clip_resnet,visual.layer3.2.bn3,
clip_resnet,visual.layer3.2.relu3,
clip_resnet,visual.layer3.3,
clip_resnet,visual.layer3.3.conv1,
clip_resnet,visual.layer3.3.bn1,
clip_resnet,visual.layer3.3.relu1,
clip_resnet,visual.layer3.3.conv2,
clip_resnet,visual.layer3.3.bn2,
clip_resnet,visual.layer3.3.relu2,
clip_resnet,visual.layer3.3.avgpool,
clip_resnet,visual.layer3.3.conv3,
clip_resnet,visual.layer3.3.bn3,
clip_resnet,visual.layer3.3.relu3,
clip_resnet,visual.layer3.4,
clip_resnet,visual.layer3.4.conv1,
clip_resnet,visual.layer3.4.bn1,
clip_resnet,visual.layer3.4.relu1,
clip_resnet,visual.layer3.4.conv2,
clip_resnet,visual.layer3.4.bn2,
clip_resnet,visual.layer3.4.relu2,
clip_resnet,visual.layer3.4.avgpool,
clip_resnet,visual.layer3.4.conv3,
clip_resnet,visual.layer3.4.bn3,
clip_resnet,visual.layer3.4.relu3,
clip_resnet,visual.layer3.5,
clip_resnet,visual.layer3.5.conv1,
clip_resnet,visual.layer3.5.bn1,
clip_resnet,visual.layer3.5.relu1,
clip_resnet,visual.layer3.5.conv2,
clip_resnet,visual.layer3.5.bn2,
clip_resnet,visual.layer3.5.relu2,
clip_resnet,visual.layer3.5.avgpool,
clip_resnet,visual.layer3.5.conv3,
clip_resnet,visual.layer3.5.bn3,
clip_resnet,visual.layer3.5.relu3,1
clip_resnet,visual.layer4,
clip_resnet,visual.layer4.0,
clip_resnet,visual.layer4.0.conv1,
clip_resnet,visual.layer4.0.bn1,
clip_resnet,visual.layer4.0.relu1,
clip_resnet,visual.layer4.0.conv2,
clip_resnet,visual.layer4.0.bn2,
clip_resnet,visual.layer4.0.relu2,
clip_resnet,visual.layer4.0.avgpool,
clip_resnet,visual.layer4.0.conv3,
clip_resnet,visual.layer4.0.bn3,
clip_resnet,visual.layer4.0.relu3,
clip_resnet,visual.layer4.0.downsample,
clip_resnet,visual.layer4.0.downsample.-1,
clip_resnet,visual.layer4.0.downsample.0,
clip_resnet,visual.layer4.0.downsample.1,
clip_resnet,visual.layer4.1,
clip_resnet,visual.layer4.1.conv1,
clip_resnet,visual.layer4.1.bn1,
clip_resnet,visual.layer4.1.relu1,
clip_resnet,visual.layer4.1.conv2,
clip_resnet,visual.layer4.1.bn2,
clip_resnet,visual.layer4.1.relu2,
clip_resnet,visual.layer4.1.avgpool,
clip_resnet,visual.layer4.1.conv3,
clip_resnet,visual.layer4.1.bn3,
clip_resnet,visual.layer4.1.relu3,
clip_resnet,visual.layer4.2,
clip_resnet,visual.layer4.2.conv1,
clip_resnet,visual.layer4.2.bn1,
clip_resnet,visual.layer4.2.relu1,
clip_resnet,visual.layer4.2.conv2,
clip_resnet,visual.layer4.2.bn2,
clip_resnet,visual.layer4.2.relu2,
clip_resnet,visual.layer4.2.avgpool,
clip_resnet,visual.layer4.2.conv3,
clip_resnet,visual.layer4.2.bn3,
clip_resnet,visual.layer4.2.relu3,1
clip_resnet,visual.attnpool,
clip_resnet,visual.attnpool.k_proj,
clip_resnet,visual.attnpool.q_proj,
clip_resnet,visual.attnpool.v_proj,
clip_resnet,visual.attnpool.c_proj,1
clip_resnet,transformer,
clip_resnet,transformer.resblocks,
clip_resnet,transformer.resblocks.0,
clip_resnet,transformer.resblocks.0.attn,
clip_resnet,transformer.resblocks.0.attn.out_proj,
clip_resnet,transformer.resblocks.0.ln_1,
clip_resnet,transformer.resblocks.0.mlp,
clip_resnet,transformer.resblocks.0.mlp.c_fc,
clip_resnet,transformer.resblocks.0.mlp.gelu,
clip_resnet,transformer.resblocks.0.mlp.c_proj,
clip_resnet,transformer.resblocks.0.ln_2,
clip_resnet,transformer.resblocks.1,
clip_resnet,transformer.resblocks.1.attn,
clip_resnet,transformer.resblocks.1.attn.out_proj,
clip_resnet,transformer.resblocks.1.ln_1,
clip_resnet,transformer.resblocks.1.mlp,
clip_resnet,transformer.resblocks.1.mlp.c_fc,
clip_resnet,transformer.resblocks.1.mlp.gelu,
clip_resnet,transformer.resblocks.1.mlp.c_proj,
clip_resnet,transformer.resblocks.1.ln_2,
clip_resnet,transformer.resblocks.2,
clip_resnet,transformer.resblocks.2.attn,
clip_resnet,transformer.resblocks.2.attn.out_proj,
clip_resnet,transformer.resblocks.2.ln_1,
clip_resnet,transformer.resblocks.2.mlp,
clip_resnet,transformer.resblocks.2.mlp.c_fc,
clip_resnet,transformer.resblocks.2.mlp.gelu,
clip_resnet,transformer.resblocks.2.mlp.c_proj,
clip_resnet,transformer.resblocks.2.ln_2,
clip_resnet,transformer.resblocks.3,
clip_resnet,transformer.resblocks.3.attn,
clip_resnet,transformer.resblocks.3.attn.out_proj,
clip_resnet,transformer.resblocks.3.ln_1,
clip_resnet,transformer.resblocks.3.mlp,
clip_resnet,transformer.resblocks.3.mlp.c_fc,
clip_resnet,transformer.resblocks.3.mlp.gelu,
clip_resnet,transformer.resblocks.3.mlp.c_proj,
clip_resnet,transformer.resblocks.3.ln_2,
clip_resnet,transformer.resblocks.4,
clip_resnet,transformer.resblocks.4.attn,
clip_resnet,transformer.resblocks.4.attn.out_proj,
clip_resnet,transformer.resblocks.4.ln_1,
clip_resnet,transformer.resblocks.4.mlp,
clip_resnet,transformer.resblocks.4.mlp.c_fc,
clip_resnet,transformer.resblocks.4.mlp.gelu,
clip_resnet,transformer.resblocks.4.mlp.c_proj,
clip_resnet,transformer.resblocks.4.ln_2,
clip_resnet,transformer.resblocks.5,
clip_resnet,transformer.resblocks.5.attn,
clip_resnet,transformer.resblocks.5.attn.out_proj,
clip_resnet,transformer.resblocks.5.ln_1,
clip_resnet,transformer.resblocks.5.mlp,
clip_resnet,transformer.resblocks.5.mlp.c_fc,
clip_resnet,transformer.resblocks.5.mlp.gelu,
clip_resnet,transformer.resblocks.5.mlp.c_proj,
clip_resnet,transformer.resblocks.5.ln_2,
clip_resnet,transformer.resblocks.6,
clip_resnet,transformer.resblocks.6.attn,
clip_resnet,transformer.resblocks.6.attn.out_proj,
clip_resnet,transformer.resblocks.6.ln_1,
clip_resnet,transformer.resblocks.6.mlp,
clip_resnet,transformer.resblocks.6.mlp.c_fc,
clip_resnet,transformer.resblocks.6.mlp.gelu,
clip_resnet,transformer.resblocks.6.mlp.c_proj,
clip_resnet,transformer.resblocks.6.ln_2,
clip_resnet,transformer.resblocks.7,
clip_resnet,transformer.resblocks.7.attn,
clip_resnet,transformer.resblocks.7.attn.out_proj,
clip_resnet,transformer.resblocks.7.ln_1,
clip_resnet,transformer.resblocks.7.mlp,
clip_resnet,transformer.resblocks.7.mlp.c_fc,
clip_resnet,transformer.resblocks.7.mlp.gelu,
clip_resnet,transformer.resblocks.7.mlp.c_proj,
clip_resnet,transformer.resblocks.7.ln_2,
clip_resnet,transformer.resblocks.8,
clip_resnet,transformer.resblocks.8.attn,
clip_resnet,transformer.resblocks.8.attn.out_proj,
clip_resnet,transformer.resblocks.8.ln_1,
clip_resnet,transformer.resblocks.8.mlp,
clip_resnet,transformer.resblocks.8.mlp.c_fc,
clip_resnet,transformer.resblocks.8.mlp.gelu,
clip_resnet,transformer.resblocks.8.mlp.c_proj,
clip_resnet,transformer.resblocks.8.ln_2,
clip_resnet,transformer.resblocks.9,
clip_resnet,transformer.resblocks.9.attn,
clip_resnet,transformer.resblocks.9.attn.out_proj,
clip_resnet,transformer.resblocks.9.ln_1,
clip_resnet,transformer.resblocks.9.mlp,
clip_resnet,transformer.resblocks.9.mlp.c_fc,
clip_resnet,transformer.resblocks.9.mlp.gelu,
clip_resnet,transformer.resblocks.9.mlp.c_proj,
clip_resnet,transformer.resblocks.9.ln_2,
clip_resnet,transformer.resblocks.10,
clip_resnet,transformer.resblocks.10.attn,
clip_resnet,transformer.resblocks.10.attn.out_proj,
clip_resnet,transformer.resblocks.10.ln_1,
clip_resnet,transformer.resblocks.10.mlp,
clip_resnet,transformer.resblocks.10.mlp.c_fc,
clip_resnet,transformer.resblocks.10.mlp.gelu,
clip_resnet,transformer.resblocks.10.mlp.c_proj,
clip_resnet,transformer.resblocks.10.ln_2,
clip_resnet,transformer.resblocks.11,
clip_resnet,transformer.resblocks.11.attn,
clip_resnet,transformer.resblocks.11.attn.out_proj,
clip_resnet,transformer.resblocks.11.ln_1,
clip_resnet,transformer.resblocks.11.mlp,
clip_resnet,transformer.resblocks.11.mlp.c_fc,
clip_resnet,transformer.resblocks.11.mlp.gelu,
clip_resnet,transformer.resblocks.11.mlp.c_proj,
clip_resnet,transformer.resblocks.11.ln_2,
clip_resnet,token_embedding,
clip_resnet,ln_final,
