model,classifier,train_ims,condition,animacy,obj1,obj2,acc,prob1,prob2
cvcl,langauge,0,Outline,inam,airplane,apple,1,0.72663254,0.2733674
cvcl,langauge,0,Outline,inam,airplane,bicycle,0,0.49044573,0.50955427
cvcl,langauge,0,Outline,inam,airplane,chair,1,0.58170384,0.41829616
cvcl,langauge,0,Outline,inam,airplane,flower,0,0.25340453,0.7465955
cvcl,langauge,0,Outline,inam,airplane,fork,1,0.7625365,0.23746341
cvcl,langauge,0,Outline,inam,airplane,guitar,1,0.7040388,0.29596126
cvcl,langauge,0,Outline,inam,airplane,key,0,0.116999835,0.8830002
cvcl,langauge,0,Outline,inam,airplane,kite,0,0.33181155,0.6681885
cvcl,langauge,0,Outline,inam,airplane,lamp,0,0.28163433,0.71836567
cvcl,langauge,0,Outline,inam,airplane,leaf,0,0.2677083,0.7322917
cvcl,langauge,0,Outline,inam,airplane,spoon,1,0.8481037,0.15189634
cvcl,langauge,0,Outline,inam,airplane,tree,0,0.3042543,0.6957457
cvcl,langauge,0,Outline,inam,airplane,truck,0,0.31338307,0.6866169
cvcl,langauge,0,Outline,inam,airplane,umbrella,0,0.42787194,0.57212806
cvcl,langauge,0,Outline,inam,apple,airplane,1,0.5069855,0.49301448
cvcl,langauge,0,Outline,inam,apple,bicycle,0,0.1012055,0.8987945
cvcl,langauge,0,Outline,inam,apple,chair,0,0.21985058,0.7801494
cvcl,langauge,0,Outline,inam,apple,flower,0,0.07309743,0.92690253
cvcl,langauge,0,Outline,inam,apple,fork,1,0.5237089,0.47629106
cvcl,langauge,0,Outline,inam,apple,guitar,1,0.59208256,0.4079174
cvcl,langauge,0,Outline,inam,apple,key,0,0.08044556,0.9195545
cvcl,langauge,0,Outline,inam,apple,kite,0,0.4627549,0.5372451
cvcl,langauge,0,Outline,inam,apple,lamp,0,0.15358439,0.8464156
cvcl,langauge,0,Outline,inam,apple,leaf,0,0.02373556,0.9762645
cvcl,langauge,0,Outline,inam,apple,spoon,0,0.42199245,0.5780075
cvcl,langauge,0,Outline,inam,apple,tree,0,0.10604751,0.8939525
cvcl,langauge,0,Outline,inam,apple,truck,0,0.31142676,0.68857324
cvcl,langauge,0,Outline,inam,apple,umbrella,0,0.2351464,0.7648536
cvcl,langauge,0,Outline,inam,bicycle,airplane,1,0.765234,0.23476604
cvcl,langauge,0,Outline,inam,bicycle,apple,1,0.5923041,0.40769583
cvcl,langauge,0,Outline,inam,bicycle,chair,1,0.6008183,0.39918175
cvcl,langauge,0,Outline,inam,bicycle,flower,0,0.28622985,0.71377015
cvcl,langauge,0,Outline,inam,bicycle,fork,1,0.79463327,0.20536679
cvcl,langauge,0,Outline,inam,bicycle,guitar,1,0.852815,0.14718498
cvcl,langauge,0,Outline,inam,bicycle,key,1,0.5047616,0.49523845
cvcl,langauge,0,Outline,inam,bicycle,kite,1,0.68949,0.31051
cvcl,langauge,0,Outline,inam,bicycle,lamp,1,0.53478783,0.4652122
cvcl,langauge,0,Outline,inam,bicycle,leaf,0,0.17596164,0.8240383
cvcl,langauge,0,Outline,inam,bicycle,spoon,1,0.7705345,0.22946547
cvcl,langauge,0,Outline,inam,bicycle,tree,0,0.2764912,0.7235088
cvcl,langauge,0,Outline,inam,bicycle,truck,0,0.39818183,0.6018182
cvcl,langauge,0,Outline,inam,bicycle,umbrella,0,0.47818473,0.5218153
cvcl,langauge,0,Outline,inam,chair,airplane,1,0.5315086,0.46849135
cvcl,langauge,0,Outline,inam,chair,apple,1,0.58833826,0.41166177
cvcl,langauge,0,Outline,inam,chair,bicycle,0,0.17608441,0.8239156
cvcl,langauge,0,Outline,inam,chair,flower,0,0.36390543,0.63609457
cvcl,langauge,0,Outline,inam,chair,fork,0,0.4786908,0.5213092
cvcl,langauge,0,Outline,inam,chair,guitar,0,0.35130867,0.64869136
cvcl,langauge,0,Outline,inam,chair,key,0,0.035116434,0.96488357
cvcl,langauge,0,Outline,inam,chair,kite,1,0.5784032,0.42159685
cvcl,langauge,0,Outline,inam,chair,lamp,0,0.25648963,0.74351037
cvcl,langauge,0,Outline,inam,chair,leaf,0,0.09337256,0.9066274
cvcl,langauge,0,Outline,inam,chair,spoon,1,0.64848083,0.3515192
cvcl,langauge,0,Outline,inam,chair,tree,0,0.17143147,0.8285686
cvcl,langauge,0,Outline,inam,chair,truck,0,0.19432577,0.8056742
cvcl,langauge,0,Outline,inam,chair,umbrella,1,0.52170175,0.47829825
cvcl,langauge,0,Outline,inam,flower,airplane,1,0.8850084,0.11499159
cvcl,langauge,0,Outline,inam,flower,apple,1,0.9098033,0.090196714
cvcl,langauge,0,Outline,inam,flower,bicycle,1,0.792807,0.20719302
cvcl,langauge,0,Outline,inam,flower,chair,1,0.7373278,0.26267225
cvcl,langauge,0,Outline,inam,flower,fork,1,0.9408335,0.05916651
cvcl,langauge,0,Outline,inam,flower,guitar,1,0.93005407,0.06994592
cvcl,langauge,0,Outline,inam,flower,key,0,0.3199932,0.6800068
cvcl,langauge,0,Outline,inam,flower,kite,1,0.8343481,0.16565196
cvcl,langauge,0,Outline,inam,flower,lamp,1,0.63837,0.36163002
cvcl,langauge,0,Outline,inam,flower,leaf,0,0.3997054,0.6002946
cvcl,langauge,0,Outline,inam,flower,spoon,1,0.9205458,0.0794542
cvcl,langauge,0,Outline,inam,flower,tree,1,0.5470121,0.45298788
cvcl,langauge,0,Outline,inam,flower,truck,1,0.67463976,0.3253602
cvcl,langauge,0,Outline,inam,flower,umbrella,1,0.77352625,0.22647375
cvcl,langauge,0,Outline,inam,fork,airplane,0,0.4992488,0.5007512
cvcl,langauge,0,Outline,inam,fork,apple,1,0.60482883,0.39517123
cvcl,langauge,0,Outline,inam,fork,bicycle,0,0.122941524,0.87705845
cvcl,langauge,0,Outline,inam,fork,chair,0,0.16973187,0.8302681
cvcl,langauge,0,Outline,inam,fork,flower,0,0.061017364,0.93898267
cvcl,langauge,0,Outline,inam,fork,guitar,0,0.15311526,0.8468848
cvcl,langauge,0,Outline,inam,fork,key,0,0.014996585,0.9850034
cvcl,langauge,0,Outline,inam,fork,kite,0,0.39142776,0.6085722
cvcl,langauge,0,Outline,inam,fork,lamp,0,0.13151388,0.86848605
cvcl,langauge,0,Outline,inam,fork,leaf,0,0.10030107,0.899699
cvcl,langauge,0,Outline,inam,fork,spoon,1,0.6784505,0.32154942
cvcl,langauge,0,Outline,inam,fork,tree,0,0.08910996,0.91089004
cvcl,langauge,0,Outline,inam,fork,truck,0,0.13605092,0.8639491
cvcl,langauge,0,Outline,inam,fork,umbrella,0,0.24003465,0.75996536
cvcl,langauge,0,Outline,inam,guitar,airplane,1,0.61874986,0.38125017
cvcl,langauge,0,Outline,inam,guitar,apple,1,0.5084456,0.49155444
cvcl,langauge,0,Outline,inam,guitar,bicycle,0,0.13293368,0.86706626
cvcl,langauge,0,Outline,inam,guitar,chair,0,0.25579044,0.7442095
cvcl,langauge,0,Outline,inam,guitar,flower,0,0.076960295,0.92303973
cvcl,langauge,0,Outline,inam,guitar,fork,1,0.5459296,0.45407036
cvcl,langauge,0,Outline,inam,guitar,key,0,0.073138505,0.92686146
cvcl,langauge,0,Outline,inam,guitar,kite,0,0.42227066,0.57772934
cvcl,langauge,0,Outline,inam,guitar,lamp,0,0.14008482,0.85991514
cvcl,langauge,0,Outline,inam,guitar,leaf,0,0.06716577,0.93283427
cvcl,langauge,0,Outline,inam,guitar,spoon,0,0.42295203,0.57704794
cvcl,langauge,0,Outline,inam,guitar,tree,0,0.07690002,0.92309994
cvcl,langauge,0,Outline,inam,guitar,truck,0,0.19220945,0.8077905
cvcl,langauge,0,Outline,inam,guitar,umbrella,0,0.21980594,0.78019404
cvcl,langauge,0,Outline,inam,key,airplane,1,0.9467446,0.053255353
cvcl,langauge,0,Outline,inam,key,apple,1,0.97311383,0.026886169
cvcl,langauge,0,Outline,inam,key,bicycle,1,0.86335534,0.13664469
cvcl,langauge,0,Outline,inam,key,chair,1,0.9226385,0.077361465
cvcl,langauge,0,Outline,inam,key,flower,1,0.8103801,0.18961996
cvcl,langauge,0,Outline,inam,key,fork,1,0.9774116,0.022588305
cvcl,langauge,0,Outline,inam,key,guitar,1,0.93653554,0.06346445
cvcl,langauge,0,Outline,inam,key,kite,1,0.9327065,0.067293584
cvcl,langauge,0,Outline,inam,key,lamp,1,0.83639896,0.16360103
cvcl,langauge,0,Outline,inam,key,leaf,1,0.84264636,0.15735364
cvcl,langauge,0,Outline,inam,key,spoon,1,0.9823774,0.017622616
cvcl,langauge,0,Outline,inam,key,tree,1,0.66976094,0.33023903
cvcl,langauge,0,Outline,inam,key,truck,1,0.816611,0.18338902
cvcl,langauge,0,Outline,inam,key,umbrella,1,0.9038597,0.096140265
cvcl,langauge,0,Outline,inam,kite,airplane,1,0.773937,0.22606297
cvcl,langauge,0,Outline,inam,kite,apple,0,0.45556432,0.5444357
cvcl,langauge,0,Outline,inam,kite,bicycle,0,0.07493064,0.9250694
cvcl,langauge,0,Outline,inam,kite,chair,0,0.319764,0.68023604
cvcl,langauge,0,Outline,inam,kite,flower,0,0.09078237,0.9092176
cvcl,langauge,0,Outline,inam,kite,fork,0,0.37212658,0.6278734
cvcl,langauge,0,Outline,inam,kite,guitar,1,0.62814325,0.37185672
cvcl,langauge,0,Outline,inam,kite,key,0,0.10290505,0.8970949
cvcl,langauge,0,Outline,inam,kite,lamp,0,0.26380426,0.7361958
cvcl,langauge,0,Outline,inam,kite,leaf,0,0.20739295,0.792607
cvcl,langauge,0,Outline,inam,kite,spoon,0,0.48361018,0.51638985
cvcl,langauge,0,Outline,inam,kite,tree,0,0.07063594,0.929364
cvcl,langauge,0,Outline,inam,kite,truck,0,0.11947617,0.88052386
cvcl,langauge,0,Outline,inam,kite,umbrella,0,0.27119488,0.7288051
cvcl,langauge,0,Outline,inam,lamp,airplane,1,0.76948893,0.23051111
cvcl,langauge,0,Outline,inam,lamp,apple,0,0.482114,0.51788604
cvcl,langauge,0,Outline,inam,lamp,bicycle,0,0.26772395,0.732276
cvcl,langauge,0,Outline,inam,lamp,chair,1,0.56673115,0.4332689
cvcl,langauge,0,Outline,inam,lamp,flower,0,0.19497015,0.8050298
cvcl,langauge,0,Outline,inam,lamp,fork,1,0.71750593,0.2824941
cvcl,langauge,0,Outline,inam,lamp,guitar,1,0.7944617,0.20553823
cvcl,langauge,0,Outline,inam,lamp,key,0,0.13192086,0.8680791
cvcl,langauge,0,Outline,inam,lamp,kite,0,0.40669775,0.59330225
cvcl,langauge,0,Outline,inam,lamp,leaf,0,0.12688953,0.8731105
cvcl,langauge,0,Outline,inam,lamp,spoon,1,0.65150815,0.3484918
cvcl,langauge,0,Outline,inam,lamp,tree,0,0.21666001,0.78334004
cvcl,langauge,0,Outline,inam,lamp,truck,0,0.3471901,0.65280986
cvcl,langauge,0,Outline,inam,lamp,umbrella,0,0.3742633,0.6257367
cvcl,langauge,0,Outline,inam,leaf,airplane,1,0.9345995,0.06540052
cvcl,langauge,0,Outline,inam,leaf,apple,1,0.9599242,0.040075783
cvcl,langauge,0,Outline,inam,leaf,bicycle,1,0.62560004,0.37439996
cvcl,langauge,0,Outline,inam,leaf,chair,1,0.89356273,0.106437266
cvcl,langauge,0,Outline,inam,leaf,flower,1,0.51897573,0.48102424
cvcl,langauge,0,Outline,inam,leaf,fork,1,0.942504,0.057496022
cvcl,langauge,0,Outline,inam,leaf,guitar,1,0.89103615,0.108963884
cvcl,langauge,0,Outline,inam,leaf,key,1,0.5089719,0.49102807
cvcl,langauge,0,Outline,inam,leaf,kite,1,0.8592969,0.14070305
cvcl,langauge,0,Outline,inam,leaf,lamp,1,0.61678636,0.38321358
cvcl,langauge,0,Outline,inam,leaf,spoon,1,0.95369697,0.046303064
cvcl,langauge,0,Outline,inam,leaf,tree,1,0.56114125,0.4388588
cvcl,langauge,0,Outline,inam,leaf,truck,1,0.65892184,0.34107816
cvcl,langauge,0,Outline,inam,leaf,umbrella,1,0.84543175,0.15456823
cvcl,langauge,0,Outline,inam,spoon,airplane,0,0.38689628,0.61310375
cvcl,langauge,0,Outline,inam,spoon,apple,0,0.47387582,0.5261242
cvcl,langauge,0,Outline,inam,spoon,bicycle,0,0.087173216,0.9128268
cvcl,langauge,0,Outline,inam,spoon,chair,0,0.120603785,0.8793962
cvcl,langauge,0,Outline,inam,spoon,flower,0,0.06069477,0.9393052
cvcl,langauge,0,Outline,inam,spoon,fork,0,0.41221988,0.58778006
cvcl,langauge,0,Outline,inam,spoon,guitar,0,0.215626,0.78437394
cvcl,langauge,0,Outline,inam,spoon,key,0,0.018119147,0.9818809
cvcl,langauge,0,Outline,inam,spoon,kite,0,0.27096412,0.72903585
cvcl,langauge,0,Outline,inam,spoon,lamp,0,0.10782121,0.8921787
cvcl,langauge,0,Outline,inam,spoon,leaf,0,0.07194077,0.9280593
cvcl,langauge,0,Outline,inam,spoon,tree,0,0.07829748,0.9217025
cvcl,langauge,0,Outline,inam,spoon,truck,0,0.15609446,0.8439055
cvcl,langauge,0,Outline,inam,spoon,umbrella,0,0.21541724,0.78458273
cvcl,langauge,0,Outline,inam,tree,airplane,1,0.94363815,0.056361888
cvcl,langauge,0,Outline,inam,tree,apple,1,0.9164811,0.083518974
cvcl,langauge,0,Outline,inam,tree,bicycle,1,0.7140488,0.28595123
cvcl,langauge,0,Outline,inam,tree,chair,1,0.78603315,0.21396682
cvcl,langauge,0,Outline,inam,tree,flower,0,0.32495412,0.67504585
cvcl,langauge,0,Outline,inam,tree,fork,1,0.9048409,0.09515914
cvcl,langauge,0,Outline,inam,tree,guitar,1,0.9251356,0.07486441
cvcl,langauge,0,Outline,inam,tree,key,1,0.5060013,0.49399874
cvcl,langauge,0,Outline,inam,tree,kite,1,0.8309669,0.16903317
cvcl,langauge,0,Outline,inam,tree,lamp,0,0.49115875,0.5088412
cvcl,langauge,0,Outline,inam,tree,leaf,0,0.29999143,0.7000086
cvcl,langauge,0,Outline,inam,tree,spoon,1,0.875599,0.12440095
cvcl,langauge,0,Outline,inam,tree,truck,1,0.80081165,0.19918828
cvcl,langauge,0,Outline,inam,tree,umbrella,1,0.7083243,0.2916757
cvcl,langauge,0,Outline,inam,truck,airplane,1,0.8853037,0.114696376
cvcl,langauge,0,Outline,inam,truck,apple,1,0.9056796,0.09432039
cvcl,langauge,0,Outline,inam,truck,bicycle,1,0.6490639,0.3509361
cvcl,langauge,0,Outline,inam,truck,chair,1,0.8709071,0.12909287
cvcl,langauge,0,Outline,inam,truck,flower,1,0.8334552,0.16654478
cvcl,langauge,0,Outline,inam,truck,fork,1,0.9160125,0.0839875
cvcl,langauge,0,Outline,inam,truck,guitar,1,0.9249407,0.07505937
cvcl,langauge,0,Outline,inam,truck,key,0,0.3267446,0.6732554
cvcl,langauge,0,Outline,inam,truck,kite,1,0.84230226,0.15769768
cvcl,langauge,0,Outline,inam,truck,lamp,1,0.73944515,0.26055485
cvcl,langauge,0,Outline,inam,truck,leaf,1,0.6535958,0.34640422
cvcl,langauge,0,Outline,inam,truck,spoon,1,0.91446763,0.085532434
cvcl,langauge,0,Outline,inam,truck,tree,1,0.7009465,0.29905352
cvcl,langauge,0,Outline,inam,truck,umbrella,1,0.82370514,0.17629483
cvcl,langauge,0,Outline,inam,umbrella,airplane,1,0.8766108,0.12338917
cvcl,langauge,0,Outline,inam,umbrella,apple,1,0.8127544,0.1872456
cvcl,langauge,0,Outline,inam,umbrella,bicycle,0,0.47373372,0.5262662
cvcl,langauge,0,Outline,inam,umbrella,chair,1,0.63820004,0.36179996
cvcl,langauge,0,Outline,inam,umbrella,flower,0,0.2467862,0.75321376
cvcl,langauge,0,Outline,inam,umbrella,fork,1,0.79003054,0.2099695
cvcl,langauge,0,Outline,inam,umbrella,guitar,1,0.7167184,0.2832816
cvcl,langauge,0,Outline,inam,umbrella,key,0,0.17316848,0.82683146
cvcl,langauge,0,Outline,inam,umbrella,kite,1,0.6107614,0.3892386
cvcl,langauge,0,Outline,inam,umbrella,lamp,0,0.4167047,0.58329535
cvcl,langauge,0,Outline,inam,umbrella,leaf,0,0.34584716,0.65415287
cvcl,langauge,0,Outline,inam,umbrella,spoon,1,0.85208577,0.14791428
cvcl,langauge,0,Outline,inam,umbrella,tree,0,0.16765718,0.8323428
cvcl,langauge,0,Outline,inam,umbrella,truck,0,0.36432666,0.6356733
cvcl,langauge,0,Outline,anim,bear,bird,1,0.76750886,0.2324911
cvcl,langauge,0,Outline,anim,bear,butterfly,1,0.5896139,0.41038615
cvcl,langauge,0,Outline,anim,bear,cat,1,0.51373285,0.48626712
cvcl,langauge,0,Outline,anim,bear,cow,1,0.96724874,0.032751232
cvcl,langauge,0,Outline,anim,bear,dog,1,0.51002437,0.48997566
cvcl,langauge,0,Outline,anim,bear,duck,1,0.82925665,0.1707433
cvcl,langauge,0,Outline,anim,bear,elephant,0,0.42422572,0.57577425
cvcl,langauge,0,Outline,anim,bear,fish,0,0.15970212,0.8402979
cvcl,langauge,0,Outline,anim,bear,foot,1,0.58880323,0.4111968
cvcl,langauge,0,Outline,anim,bear,frog,0,0.37523228,0.6247678
cvcl,langauge,0,Outline,anim,bear,hand,0,0.48308012,0.5169199
cvcl,langauge,0,Outline,anim,bear,rabbit,1,0.8918555,0.108144544
cvcl,langauge,0,Outline,anim,bear,squirrel,1,0.7172536,0.2827464
cvcl,langauge,0,Outline,anim,bear,turtle,1,0.8552974,0.14470258
cvcl,langauge,0,Outline,anim,bird,bear,0,0.07527507,0.92472494
cvcl,langauge,0,Outline,anim,bird,butterfly,0,0.059131373,0.9408687
cvcl,langauge,0,Outline,anim,bird,cat,0,0.08613312,0.9138669
cvcl,langauge,0,Outline,anim,bird,cow,1,0.6488962,0.35110375
cvcl,langauge,0,Outline,anim,bird,dog,0,0.13440524,0.8655948
cvcl,langauge,0,Outline,anim,bird,duck,0,0.21484946,0.7851505
cvcl,langauge,0,Outline,anim,bird,elephant,0,0.065375365,0.9346246
cvcl,langauge,0,Outline,anim,bird,fish,0,0.033428013,0.96657205
cvcl,langauge,0,Outline,anim,bird,foot,0,0.07537444,0.9246256
cvcl,langauge,0,Outline,anim,bird,frog,0,0.06990382,0.93009615
cvcl,langauge,0,Outline,anim,bird,hand,0,0.08646243,0.91353756
cvcl,langauge,0,Outline,anim,bird,rabbit,0,0.32701835,0.6729817
cvcl,langauge,0,Outline,anim,bird,squirrel,0,0.19487835,0.8051216
cvcl,langauge,0,Outline,anim,bird,turtle,0,0.4614825,0.53851753
cvcl,langauge,0,Outline,anim,butterfly,bear,1,0.5051547,0.49484527
cvcl,langauge,0,Outline,anim,butterfly,bird,1,0.7670318,0.23296815
cvcl,langauge,0,Outline,anim,butterfly,cat,0,0.4928995,0.5071005
cvcl,langauge,0,Outline,anim,butterfly,cow,1,0.9588725,0.041127477
cvcl,langauge,0,Outline,anim,butterfly,dog,1,0.5458353,0.4541647
cvcl,langauge,0,Outline,anim,butterfly,duck,1,0.867126,0.13287407
cvcl,langauge,0,Outline,anim,butterfly,elephant,1,0.69410586,0.30589414
cvcl,langauge,0,Outline,anim,butterfly,fish,0,0.1665587,0.83344126
cvcl,langauge,0,Outline,anim,butterfly,foot,1,0.59628516,0.40371478
cvcl,langauge,0,Outline,anim,butterfly,frog,0,0.32701388,0.67298615
cvcl,langauge,0,Outline,anim,butterfly,hand,0,0.3854818,0.61451817
cvcl,langauge,0,Outline,anim,butterfly,rabbit,1,0.9286808,0.071319275
cvcl,langauge,0,Outline,anim,butterfly,squirrel,1,0.5810239,0.41897613
cvcl,langauge,0,Outline,anim,butterfly,turtle,1,0.8698429,0.13015713
cvcl,langauge,0,Outline,anim,cat,bear,1,0.68224597,0.31775403
cvcl,langauge,0,Outline,anim,cat,bird,1,0.8920379,0.10796205
cvcl,langauge,0,Outline,anim,cat,butterfly,1,0.68071485,0.31928515
cvcl,langauge,0,Outline,anim,cat,cow,1,0.9780662,0.021933738
cvcl,langauge,0,Outline,anim,cat,dog,1,0.69761735,0.30238268
cvcl,langauge,0,Outline,anim,cat,duck,1,0.9099019,0.09009803
cvcl,langauge,0,Outline,anim,cat,elephant,1,0.58084744,0.4191526
cvcl,langauge,0,Outline,anim,cat,fish,0,0.4860589,0.51394117
cvcl,langauge,0,Outline,anim,cat,foot,1,0.6217173,0.37828273
cvcl,langauge,0,Outline,anim,cat,frog,1,0.50035167,0.49964836
cvcl,langauge,0,Outline,anim,cat,hand,1,0.6992857,0.30071428
cvcl,langauge,0,Outline,anim,cat,rabbit,1,0.95041156,0.049588412
cvcl,langauge,0,Outline,anim,cat,squirrel,1,0.83231974,0.16768025
cvcl,langauge,0,Outline,anim,cat,turtle,1,0.9453965,0.05460351
cvcl,langauge,0,Outline,anim,cow,bear,0,0.04221707,0.957783
cvcl,langauge,0,Outline,anim,cow,bird,0,0.1562795,0.84372044
cvcl,langauge,0,Outline,anim,cow,butterfly,0,0.017431734,0.98256826
cvcl,langauge,0,Outline,anim,cow,cat,0,0.01783091,0.9821691
cvcl,langauge,0,Outline,anim,cow,dog,0,0.026907172,0.97309285
cvcl,langauge,0,Outline,anim,cow,duck,0,0.092961065,0.9070389
cvcl,langauge,0,Outline,anim,cow,elephant,0,0.02226839,0.97773165
cvcl,langauge,0,Outline,anim,cow,fish,0,0.0076697352,0.99233025
cvcl,langauge,0,Outline,anim,cow,foot,0,0.052364316,0.9476357
cvcl,langauge,0,Outline,anim,cow,frog,0,0.015751882,0.9842481
cvcl,langauge,0,Outline,anim,cow,hand,0,0.035512045,0.96448797
cvcl,langauge,0,Outline,anim,cow,rabbit,0,0.11991536,0.8800847
cvcl,langauge,0,Outline,anim,cow,squirrel,0,0.073618315,0.9263817
cvcl,langauge,0,Outline,anim,cow,turtle,0,0.19686295,0.803137
cvcl,langauge,0,Outline,anim,dog,bear,0,0.3826536,0.6173464
cvcl,langauge,0,Outline,anim,dog,bird,1,0.81601965,0.18398035
cvcl,langauge,0,Outline,anim,dog,butterfly,0,0.26030686,0.7396931
cvcl,langauge,0,Outline,anim,dog,cat,0,0.36573827,0.6342617
cvcl,langauge,0,Outline,anim,dog,cow,1,0.9615119,0.038488068
cvcl,langauge,0,Outline,anim,dog,duck,1,0.76099753,0.23900253
cvcl,langauge,0,Outline,anim,dog,elephant,0,0.33816764,0.66183233
cvcl,langauge,0,Outline,anim,dog,fish,0,0.17981179,0.8201882
cvcl,langauge,0,Outline,anim,dog,foot,1,0.50728846,0.49271154
cvcl,langauge,0,Outline,anim,dog,frog,0,0.2792255,0.72077453
cvcl,langauge,0,Outline,anim,dog,hand,1,0.5325077,0.4674923
cvcl,langauge,0,Outline,anim,dog,rabbit,1,0.8463837,0.1536163
cvcl,langauge,0,Outline,anim,dog,squirrel,1,0.50717854,0.4928215
cvcl,langauge,0,Outline,anim,dog,turtle,1,0.8375384,0.16246156
cvcl,langauge,0,Outline,anim,duck,bear,0,0.2519114,0.7480886
cvcl,langauge,0,Outline,anim,duck,bird,1,0.74646366,0.25353628
cvcl,langauge,0,Outline,anim,duck,butterfly,0,0.15778653,0.8422135
cvcl,langauge,0,Outline,anim,duck,cat,0,0.11438451,0.88561547
cvcl,langauge,0,Outline,anim,duck,cow,1,0.8800747,0.11992533
cvcl,langauge,0,Outline,anim,duck,dog,0,0.2276724,0.77232766
cvcl,langauge,0,Outline,anim,duck,elephant,0,0.17007586,0.82992417
cvcl,langauge,0,Outline,anim,duck,fish,0,0.07777492,0.92222506
cvcl,langauge,0,Outline,anim,duck,foot,0,0.216778,0.78322196
cvcl,langauge,0,Outline,anim,duck,frog,0,0.2243594,0.7756406
cvcl,langauge,0,Outline,anim,duck,hand,0,0.23546116,0.7645388
cvcl,langauge,0,Outline,anim,duck,rabbit,1,0.7040459,0.29595414
cvcl,langauge,0,Outline,anim,duck,squirrel,0,0.40802026,0.59197974
cvcl,langauge,0,Outline,anim,duck,turtle,1,0.66660213,0.3333978
cvcl,langauge,0,Outline,anim,elephant,bear,1,0.6012446,0.39875534
cvcl,langauge,0,Outline,anim,elephant,bird,1,0.82769763,0.17230234
cvcl,langauge,0,Outline,anim,elephant,butterfly,0,0.4706555,0.5293445
cvcl,langauge,0,Outline,anim,elephant,cat,1,0.5347003,0.46529976
cvcl,langauge,0,Outline,anim,elephant,cow,1,0.9835623,0.016437702
cvcl,langauge,0,Outline,anim,elephant,dog,1,0.55343103,0.44656897
cvcl,langauge,0,Outline,anim,elephant,duck,1,0.865447,0.13455305
cvcl,langauge,0,Outline,anim,elephant,fish,0,0.30198503,0.698015
cvcl,langauge,0,Outline,anim,elephant,foot,1,0.6641063,0.33589375
cvcl,langauge,0,Outline,anim,elephant,frog,0,0.28843203,0.711568
cvcl,langauge,0,Outline,anim,elephant,hand,1,0.568116,0.43188393
cvcl,langauge,0,Outline,anim,elephant,rabbit,1,0.8563289,0.14367113
cvcl,langauge,0,Outline,anim,elephant,squirrel,1,0.72102636,0.27897364
cvcl,langauge,0,Outline,anim,elephant,turtle,1,0.8974868,0.10251324
cvcl,langauge,0,Outline,anim,fish,bear,1,0.84465027,0.15534967
cvcl,langauge,0,Outline,anim,fish,bird,1,0.9571018,0.042898223
cvcl,langauge,0,Outline,anim,fish,butterfly,1,0.82052094,0.17947908
cvcl,langauge,0,Outline,anim,fish,cat,1,0.7595304,0.24046955
cvcl,langauge,0,Outline,anim,fish,cow,1,0.99178195,0.008217967
cvcl,langauge,0,Outline,anim,fish,dog,1,0.8203472,0.17965277
cvcl,langauge,0,Outline,anim,fish,duck,1,0.95169044,0.048309494
cvcl,langauge,0,Outline,anim,fish,elephant,1,0.7268764,0.27312356
cvcl,langauge,0,Outline,anim,fish,foot,1,0.84491926,0.15508066
cvcl,langauge,0,Outline,anim,fish,frog,1,0.80232716,0.19767283
cvcl,langauge,0,Outline,anim,fish,hand,1,0.77778935,0.22221069
cvcl,langauge,0,Outline,anim,fish,rabbit,1,0.97578317,0.024216803
cvcl,langauge,0,Outline,anim,fish,squirrel,1,0.89732635,0.102673605
cvcl,langauge,0,Outline,anim,fish,turtle,1,0.9741141,0.025885887
cvcl,langauge,0,Outline,anim,foot,bear,0,0.42054814,0.5794518
cvcl,langauge,0,Outline,anim,foot,bird,1,0.734468,0.265532
cvcl,langauge,0,Outline,anim,foot,butterfly,1,0.6319776,0.3680224
cvcl,langauge,0,Outline,anim,foot,cat,0,0.35459203,0.64540803
cvcl,langauge,0,Outline,anim,foot,cow,1,0.96539545,0.03460451
cvcl,langauge,0,Outline,anim,foot,dog,1,0.5257514,0.47424853
cvcl,langauge,0,Outline,anim,foot,duck,1,0.8630271,0.13697292
cvcl,langauge,0,Outline,anim,foot,elephant,0,0.37997654,0.6200234
cvcl,langauge,0,Outline,anim,foot,fish,0,0.1626128,0.83738714
cvcl,langauge,0,Outline,anim,foot,frog,0,0.35297215,0.64702785
cvcl,langauge,0,Outline,anim,foot,hand,0,0.41054937,0.58945066
cvcl,langauge,0,Outline,anim,foot,rabbit,1,0.7810165,0.21898344
cvcl,langauge,0,Outline,anim,foot,squirrel,1,0.68574387,0.31425616
cvcl,langauge,0,Outline,anim,foot,turtle,1,0.8312592,0.16874085
cvcl,langauge,0,Outline,anim,frog,bear,1,0.5178613,0.4821387
cvcl,langauge,0,Outline,anim,frog,bird,1,0.91134846,0.0886515
cvcl,langauge,0,Outline,anim,frog,butterfly,0,0.4301505,0.5698495
cvcl,langauge,0,Outline,anim,frog,cat,0,0.4957321,0.50426793
cvcl,langauge,0,Outline,anim,frog,cow,1,0.9832766,0.01672337
cvcl,langauge,0,Outline,anim,frog,dog,1,0.57112795,0.42887205
cvcl,langauge,0,Outline,anim,frog,duck,1,0.8910687,0.108931266
cvcl,langauge,0,Outline,anim,frog,elephant,1,0.6053005,0.3946995
cvcl,langauge,0,Outline,anim,frog,fish,0,0.26478797,0.735212
cvcl,langauge,0,Outline,anim,frog,foot,1,0.56648546,0.43351454
cvcl,langauge,0,Outline,anim,frog,hand,1,0.6317587,0.36824128
cvcl,langauge,0,Outline,anim,frog,rabbit,1,0.8835338,0.11646627
cvcl,langauge,0,Outline,anim,frog,squirrel,1,0.8212892,0.17871086
cvcl,langauge,0,Outline,anim,frog,turtle,1,0.90007025,0.0999297
cvcl,langauge,0,Outline,anim,hand,bear,1,0.52276844,0.4772316
cvcl,langauge,0,Outline,anim,hand,bird,1,0.8630255,0.13697447
cvcl,langauge,0,Outline,anim,hand,butterfly,0,0.3967348,0.6032652
cvcl,langauge,0,Outline,anim,hand,cat,0,0.2488552,0.7511448
cvcl,langauge,0,Outline,anim,hand,cow,1,0.97047,0.029529968
cvcl,langauge,0,Outline,anim,hand,dog,0,0.45773938,0.54226065
cvcl,langauge,0,Outline,anim,hand,duck,1,0.68856627,0.31143376
cvcl,langauge,0,Outline,anim,hand,elephant,0,0.42757902,0.57242095
cvcl,langauge,0,Outline,anim,hand,fish,0,0.33602345,0.66397655
cvcl,langauge,0,Outline,anim,hand,foot,0,0.28069064,0.71930933
cvcl,langauge,0,Outline,anim,hand,frog,0,0.12215578,0.8778442
cvcl,langauge,0,Outline,anim,hand,rabbit,1,0.83486176,0.16513824
cvcl,langauge,0,Outline,anim,hand,squirrel,1,0.71400166,0.2859983
cvcl,langauge,0,Outline,anim,hand,turtle,1,0.8741826,0.12581742
cvcl,langauge,0,Outline,anim,rabbit,bear,0,0.15802841,0.8419716
cvcl,langauge,0,Outline,anim,rabbit,bird,0,0.46321887,0.53678113
cvcl,langauge,0,Outline,anim,rabbit,butterfly,0,0.10771869,0.89228135
cvcl,langauge,0,Outline,anim,rabbit,cat,0,0.06415567,0.9358443
cvcl,langauge,0,Outline,anim,rabbit,cow,1,0.8792023,0.120797746
cvcl,langauge,0,Outline,anim,rabbit,dog,0,0.0865192,0.91348076
cvcl,langauge,0,Outline,anim,rabbit,duck,0,0.36247623,0.6375238
cvcl,langauge,0,Outline,anim,rabbit,elephant,0,0.065991625,0.9340084
cvcl,langauge,0,Outline,anim,rabbit,fish,0,0.029407345,0.9705926
cvcl,langauge,0,Outline,anim,rabbit,foot,0,0.08689074,0.9131093
cvcl,langauge,0,Outline,anim,rabbit,frog,0,0.06722162,0.93277836
cvcl,langauge,0,Outline,anim,rabbit,hand,0,0.1059724,0.8940276
cvcl,langauge,0,Outline,anim,rabbit,squirrel,0,0.21907082,0.78092915
cvcl,langauge,0,Outline,anim,rabbit,turtle,0,0.48228487,0.51771516
cvcl,langauge,0,Outline,anim,squirrel,bear,0,0.40828317,0.5917168
cvcl,langauge,0,Outline,anim,squirrel,bird,1,0.7088121,0.29118788
cvcl,langauge,0,Outline,anim,squirrel,butterfly,0,0.36498898,0.63501096
cvcl,langauge,0,Outline,anim,squirrel,cat,0,0.26350006,0.7364999
cvcl,langauge,0,Outline,anim,squirrel,cow,1,0.9562852,0.043714855
cvcl,langauge,0,Outline,anim,squirrel,dog,0,0.31075925,0.68924075
cvcl,langauge,0,Outline,anim,squirrel,duck,1,0.7372187,0.26278132
cvcl,langauge,0,Outline,anim,squirrel,elephant,0,0.28140432,0.7185957
cvcl,langauge,0,Outline,anim,squirrel,fish,0,0.111796826,0.88820314
cvcl,langauge,0,Outline,anim,squirrel,foot,0,0.36257932,0.6374207
cvcl,langauge,0,Outline,anim,squirrel,frog,0,0.23946084,0.7605391
cvcl,langauge,0,Outline,anim,squirrel,hand,0,0.32638496,0.6736151
cvcl,langauge,0,Outline,anim,squirrel,rabbit,1,0.8292703,0.17072974
cvcl,langauge,0,Outline,anim,squirrel,turtle,1,0.8039993,0.19600071
cvcl,langauge,0,Outline,anim,turtle,bear,0,0.21608159,0.7839184
cvcl,langauge,0,Outline,anim,turtle,bird,1,0.5366369,0.4633631
cvcl,langauge,0,Outline,anim,turtle,butterfly,0,0.11832708,0.8816729
cvcl,langauge,0,Outline,anim,turtle,cat,0,0.108694315,0.8913057
cvcl,langauge,0,Outline,anim,turtle,cow,1,0.8110891,0.18891093
cvcl,langauge,0,Outline,anim,turtle,dog,0,0.18956666,0.8104334
cvcl,langauge,0,Outline,anim,turtle,duck,0,0.397559,0.602441
cvcl,langauge,0,Outline,anim,turtle,elephant,0,0.110232964,0.88976705
cvcl,langauge,0,Outline,anim,turtle,fish,0,0.038643703,0.96135634
cvcl,langauge,0,Outline,anim,turtle,foot,0,0.18047199,0.819528
cvcl,langauge,0,Outline,anim,turtle,frog,0,0.07700289,0.9229972
cvcl,langauge,0,Outline,anim,turtle,hand,0,0.15664266,0.8433573
cvcl,langauge,0,Outline,anim,turtle,rabbit,1,0.61410993,0.3858901
cvcl,langauge,0,Outline,anim,turtle,squirrel,0,0.30425552,0.6957445
cvcl,langauge,0,Pert,inam,airplane,apple,1,0.7096781,0.2903219
cvcl,langauge,0,Pert,inam,airplane,bicycle,0,0.29168692,0.70831305
cvcl,langauge,0,Pert,inam,airplane,chair,0,0.17118852,0.82881147
cvcl,langauge,0,Pert,inam,airplane,flower,0,0.11297583,0.88702416
cvcl,langauge,0,Pert,inam,airplane,fork,0,0.38034886,0.61965114
cvcl,langauge,0,Pert,inam,airplane,guitar,1,0.52035373,0.47964624
cvcl,langauge,0,Pert,inam,airplane,key,0,0.077277064,0.92272294
cvcl,langauge,0,Pert,inam,airplane,kite,0,0.38242382,0.6175762
cvcl,langauge,0,Pert,inam,airplane,lamp,0,0.19508143,0.8049186
cvcl,langauge,0,Pert,inam,airplane,leaf,0,0.1846872,0.8153128
cvcl,langauge,0,Pert,inam,airplane,spoon,1,0.6623887,0.3376113
cvcl,langauge,0,Pert,inam,airplane,tree,0,0.26949304,0.7305069
cvcl,langauge,0,Pert,inam,airplane,truck,0,0.34693417,0.6530658
cvcl,langauge,0,Pert,inam,airplane,umbrella,0,0.38516578,0.61483425
cvcl,langauge,0,Pert,inam,apple,airplane,1,0.56286156,0.43713844
cvcl,langauge,0,Pert,inam,apple,bicycle,0,0.06320867,0.93679136
cvcl,langauge,0,Pert,inam,apple,chair,0,0.35725552,0.6427445
cvcl,langauge,0,Pert,inam,apple,flower,0,0.061408974,0.93859094
cvcl,langauge,0,Pert,inam,apple,fork,0,0.21699831,0.7830017
cvcl,langauge,0,Pert,inam,apple,guitar,0,0.43369505,0.566305
cvcl,langauge,0,Pert,inam,apple,key,0,0.08576942,0.9142306
cvcl,langauge,0,Pert,inam,apple,kite,1,0.5086302,0.49136975
cvcl,langauge,0,Pert,inam,apple,lamp,0,0.1378291,0.8621709
cvcl,langauge,0,Pert,inam,apple,leaf,0,0.0350849,0.9649151
cvcl,langauge,0,Pert,inam,apple,spoon,0,0.2583818,0.7416182
cvcl,langauge,0,Pert,inam,apple,tree,0,0.06327304,0.9367269
cvcl,langauge,0,Pert,inam,apple,truck,0,0.1420774,0.8579226
cvcl,langauge,0,Pert,inam,apple,umbrella,0,0.25658458,0.7434155
cvcl,langauge,0,Pert,inam,bicycle,airplane,1,0.91843855,0.0815615
cvcl,langauge,0,Pert,inam,bicycle,apple,1,0.80581933,0.19418071
cvcl,langauge,0,Pert,inam,bicycle,chair,1,0.790114,0.209886
cvcl,langauge,0,Pert,inam,bicycle,flower,0,0.29681006,0.70318997
cvcl,langauge,0,Pert,inam,bicycle,fork,1,0.71669835,0.28330168
cvcl,langauge,0,Pert,inam,bicycle,guitar,1,0.9130222,0.08697778
cvcl,langauge,0,Pert,inam,bicycle,key,1,0.79093266,0.20906733
cvcl,langauge,0,Pert,inam,bicycle,kite,1,0.9000388,0.09996126
cvcl,langauge,0,Pert,inam,bicycle,lamp,1,0.7428807,0.2571193
cvcl,langauge,0,Pert,inam,bicycle,leaf,0,0.27703214,0.72296786
cvcl,langauge,0,Pert,inam,bicycle,spoon,1,0.8533136,0.14668639
cvcl,langauge,0,Pert,inam,bicycle,tree,0,0.45394135,0.54605865
cvcl,langauge,0,Pert,inam,bicycle,truck,1,0.6468465,0.3531535
cvcl,langauge,0,Pert,inam,bicycle,umbrella,1,0.70162284,0.29837722
cvcl,langauge,0,Pert,inam,chair,airplane,1,0.64356285,0.35643715
cvcl,langauge,0,Pert,inam,chair,apple,1,0.6966061,0.30339387
cvcl,langauge,0,Pert,inam,chair,bicycle,0,0.19358115,0.80641884
cvcl,langauge,0,Pert,inam,chair,flower,0,0.3892913,0.6107087
cvcl,langauge,0,Pert,inam,chair,fork,1,0.5763902,0.4236098
cvcl,langauge,0,Pert,inam,chair,guitar,1,0.61943644,0.3805635
cvcl,langauge,0,Pert,inam,chair,key,0,0.15246518,0.84753484
cvcl,langauge,0,Pert,inam,chair,kite,1,0.7707889,0.22921109
cvcl,langauge,0,Pert,inam,chair,lamp,1,0.7119264,0.2880736
cvcl,langauge,0,Pert,inam,chair,leaf,0,0.31337747,0.68662256
cvcl,langauge,0,Pert,inam,chair,spoon,1,0.77592176,0.22407827
cvcl,langauge,0,Pert,inam,chair,tree,0,0.32211578,0.67788416
cvcl,langauge,0,Pert,inam,chair,truck,0,0.36896163,0.6310384
cvcl,langauge,0,Pert,inam,chair,umbrella,1,0.54551363,0.45448637
cvcl,langauge,0,Pert,inam,flower,airplane,1,0.8658454,0.13415465
cvcl,langauge,0,Pert,inam,flower,apple,1,0.93614584,0.06385412
cvcl,langauge,0,Pert,inam,flower,bicycle,1,0.5890966,0.41090342
cvcl,langauge,0,Pert,inam,flower,chair,1,0.8359672,0.16403277
cvcl,langauge,0,Pert,inam,flower,fork,1,0.8893231,0.11067689
cvcl,langauge,0,Pert,inam,flower,guitar,1,0.8722072,0.12779275
cvcl,langauge,0,Pert,inam,flower,key,0,0.24644694,0.7535531
cvcl,langauge,0,Pert,inam,flower,kite,1,0.8093637,0.19063628
cvcl,langauge,0,Pert,inam,flower,lamp,1,0.60865533,0.39134473
cvcl,langauge,0,Pert,inam,flower,leaf,0,0.47462457,0.5253754
cvcl,langauge,0,Pert,inam,flower,spoon,1,0.9225535,0.07744652
cvcl,langauge,0,Pert,inam,flower,tree,0,0.49695933,0.5030407
cvcl,langauge,0,Pert,inam,flower,truck,1,0.53039634,0.46960366
cvcl,langauge,0,Pert,inam,flower,umbrella,1,0.87104106,0.12895888
cvcl,langauge,0,Pert,inam,fork,airplane,1,0.7016301,0.29836985
cvcl,langauge,0,Pert,inam,fork,apple,1,0.69370097,0.306299
cvcl,langauge,0,Pert,inam,fork,bicycle,0,0.123335116,0.8766649
cvcl,langauge,0,Pert,inam,fork,chair,0,0.18117192,0.8188281
cvcl,langauge,0,Pert,inam,fork,flower,0,0.14413859,0.85586137
cvcl,langauge,0,Pert,inam,fork,guitar,0,0.3417739,0.6582261
cvcl,langauge,0,Pert,inam,fork,key,0,0.037867174,0.9621328
cvcl,langauge,0,Pert,inam,fork,kite,1,0.5849158,0.41508418
cvcl,langauge,0,Pert,inam,fork,lamp,0,0.22777216,0.7722278
cvcl,langauge,0,Pert,inam,fork,leaf,0,0.23037153,0.7696284
cvcl,langauge,0,Pert,inam,fork,spoon,1,0.67591023,0.32408977
cvcl,langauge,0,Pert,inam,fork,tree,0,0.09433173,0.9056683
cvcl,langauge,0,Pert,inam,fork,truck,0,0.18141021,0.8185898
cvcl,langauge,0,Pert,inam,fork,umbrella,0,0.38221085,0.61778915
cvcl,langauge,0,Pert,inam,guitar,airplane,1,0.6981345,0.3018655
cvcl,langauge,0,Pert,inam,guitar,apple,1,0.6638886,0.33611137
cvcl,langauge,0,Pert,inam,guitar,bicycle,0,0.10886319,0.8911368
cvcl,langauge,0,Pert,inam,guitar,chair,0,0.24606459,0.7539354
cvcl,langauge,0,Pert,inam,guitar,flower,0,0.07652452,0.92347556
cvcl,langauge,0,Pert,inam,guitar,fork,0,0.3810301,0.6189699
cvcl,langauge,0,Pert,inam,guitar,key,0,0.1018554,0.89814466
cvcl,langauge,0,Pert,inam,guitar,kite,1,0.5336578,0.46634224
cvcl,langauge,0,Pert,inam,guitar,lamp,0,0.15380174,0.84619826
cvcl,langauge,0,Pert,inam,guitar,leaf,0,0.08962051,0.91037947
cvcl,langauge,0,Pert,inam,guitar,spoon,0,0.42289647,0.5771035
cvcl,langauge,0,Pert,inam,guitar,tree,0,0.11649405,0.88350594
cvcl,langauge,0,Pert,inam,guitar,truck,0,0.24112017,0.7588798
cvcl,langauge,0,Pert,inam,guitar,umbrella,0,0.4720613,0.5279387
cvcl,langauge,0,Pert,inam,key,airplane,1,0.97893643,0.021063533
cvcl,langauge,0,Pert,inam,key,apple,1,0.98632807,0.013671886
cvcl,langauge,0,Pert,inam,key,bicycle,1,0.84012467,0.15987529
cvcl,langauge,0,Pert,inam,key,chair,1,0.9154601,0.08453993
cvcl,langauge,0,Pert,inam,key,flower,1,0.8605899,0.13941011
cvcl,langauge,0,Pert,inam,key,fork,1,0.95632255,0.043677475
cvcl,langauge,0,Pert,inam,key,guitar,1,0.94263065,0.057369325
cvcl,langauge,0,Pert,inam,key,kite,1,0.97610044,0.023899555
cvcl,langauge,0,Pert,inam,key,lamp,1,0.87747246,0.122527555
cvcl,langauge,0,Pert,inam,key,leaf,1,0.865876,0.134124
cvcl,langauge,0,Pert,inam,key,spoon,1,0.9842531,0.01574693
cvcl,langauge,0,Pert,inam,key,tree,1,0.7410423,0.2589577
cvcl,langauge,0,Pert,inam,key,truck,1,0.7387632,0.26123685
cvcl,langauge,0,Pert,inam,key,umbrella,1,0.96089506,0.03910498
cvcl,langauge,0,Pert,inam,kite,airplane,1,0.7448528,0.25514725
cvcl,langauge,0,Pert,inam,kite,apple,0,0.37009823,0.6299017
cvcl,langauge,0,Pert,inam,kite,bicycle,0,0.06816371,0.93183625
cvcl,langauge,0,Pert,inam,kite,chair,0,0.13430291,0.8656971
cvcl,langauge,0,Pert,inam,kite,flower,0,0.028069325,0.9719306
cvcl,langauge,0,Pert,inam,kite,fork,0,0.1916117,0.8083883
cvcl,langauge,0,Pert,inam,kite,guitar,0,0.46651903,0.533481
cvcl,langauge,0,Pert,inam,kite,key,0,0.062369335,0.9376306
cvcl,langauge,0,Pert,inam,kite,lamp,0,0.20850731,0.79149264
cvcl,langauge,0,Pert,inam,kite,leaf,0,0.0849844,0.91501564
cvcl,langauge,0,Pert,inam,kite,spoon,0,0.38532987,0.61467016
cvcl,langauge,0,Pert,inam,kite,tree,0,0.08260533,0.91739464
cvcl,langauge,0,Pert,inam,kite,truck,0,0.09222509,0.90777487
cvcl,langauge,0,Pert,inam,kite,umbrella,0,0.2136858,0.7863142
cvcl,langauge,0,Pert,inam,lamp,airplane,1,0.8391752,0.16082473
cvcl,langauge,0,Pert,inam,lamp,apple,1,0.6320055,0.36799452
cvcl,langauge,0,Pert,inam,lamp,bicycle,0,0.3729144,0.62708557
cvcl,langauge,0,Pert,inam,lamp,chair,0,0.40995765,0.59004235
cvcl,langauge,0,Pert,inam,lamp,flower,0,0.1306297,0.8693703
cvcl,langauge,0,Pert,inam,lamp,fork,1,0.59773004,0.40227
cvcl,langauge,0,Pert,inam,lamp,guitar,1,0.7549925,0.24500754
cvcl,langauge,0,Pert,inam,lamp,key,0,0.254199,0.745801
cvcl,langauge,0,Pert,inam,lamp,kite,1,0.6381062,0.3618938
cvcl,langauge,0,Pert,inam,lamp,leaf,0,0.22469251,0.7753075
cvcl,langauge,0,Pert,inam,lamp,spoon,1,0.7581591,0.24184091
cvcl,langauge,0,Pert,inam,lamp,tree,0,0.29326543,0.70673454
cvcl,langauge,0,Pert,inam,lamp,truck,0,0.39206225,0.6079377
cvcl,langauge,0,Pert,inam,lamp,umbrella,1,0.5842978,0.41570225
cvcl,langauge,0,Pert,inam,leaf,airplane,1,0.906289,0.09371098
cvcl,langauge,0,Pert,inam,leaf,apple,1,0.91846025,0.081539795
cvcl,langauge,0,Pert,inam,leaf,bicycle,0,0.29602215,0.7039778
cvcl,langauge,0,Pert,inam,leaf,chair,1,0.8534893,0.14651072
cvcl,langauge,0,Pert,inam,leaf,flower,0,0.41890624,0.5810938
cvcl,langauge,0,Pert,inam,leaf,fork,1,0.86812764,0.13187237
cvcl,langauge,0,Pert,inam,leaf,guitar,1,0.7614181,0.2385819
cvcl,langauge,0,Pert,inam,leaf,key,0,0.45944622,0.5405538
cvcl,langauge,0,Pert,inam,leaf,kite,1,0.8265593,0.17344077
cvcl,langauge,0,Pert,inam,leaf,lamp,1,0.5431285,0.45687148
cvcl,langauge,0,Pert,inam,leaf,spoon,1,0.90974003,0.09025997
cvcl,langauge,0,Pert,inam,leaf,tree,0,0.37755424,0.62244576
cvcl,langauge,0,Pert,inam,leaf,truck,0,0.41041547,0.5895846
cvcl,langauge,0,Pert,inam,leaf,umbrella,1,0.78029156,0.21970843
cvcl,langauge,0,Pert,inam,spoon,airplane,0,0.4049762,0.5950238
cvcl,langauge,0,Pert,inam,spoon,apple,1,0.5251435,0.4748565
cvcl,langauge,0,Pert,inam,spoon,bicycle,0,0.06435787,0.9356421
cvcl,langauge,0,Pert,inam,spoon,chair,0,0.07481229,0.92518765
cvcl,langauge,0,Pert,inam,spoon,flower,0,0.049920894,0.95007914
cvcl,langauge,0,Pert,inam,spoon,fork,0,0.2576225,0.74237746
cvcl,langauge,0,Pert,inam,spoon,guitar,0,0.15453796,0.845462
cvcl,langauge,0,Pert,inam,spoon,key,0,0.008939915,0.9910601
cvcl,langauge,0,Pert,inam,spoon,kite,0,0.31914794,0.68085206
cvcl,langauge,0,Pert,inam,spoon,lamp,0,0.11556417,0.8844359
cvcl,langauge,0,Pert,inam,spoon,leaf,0,0.10518388,0.89481616
cvcl,langauge,0,Pert,inam,spoon,tree,0,0.042127043,0.957873
cvcl,langauge,0,Pert,inam,spoon,truck,0,0.08821299,0.911787
cvcl,langauge,0,Pert,inam,spoon,umbrella,0,0.22946283,0.7705372
cvcl,langauge,0,Pert,inam,tree,airplane,1,0.9587534,0.04124664
cvcl,langauge,0,Pert,inam,tree,apple,1,0.93530643,0.064693615
cvcl,langauge,0,Pert,inam,tree,bicycle,1,0.5582526,0.4417474
cvcl,langauge,0,Pert,inam,tree,chair,1,0.90936345,0.09063656
cvcl,langauge,0,Pert,inam,tree,flower,0,0.37043592,0.6295641
cvcl,langauge,0,Pert,inam,tree,fork,1,0.8297339,0.17026606
cvcl,langauge,0,Pert,inam,tree,guitar,1,0.92712456,0.07287549
cvcl,langauge,0,Pert,inam,tree,key,1,0.7261412,0.2738588
cvcl,langauge,0,Pert,inam,tree,kite,1,0.88782805,0.11217193
cvcl,langauge,0,Pert,inam,tree,lamp,1,0.7773178,0.22268215
cvcl,langauge,0,Pert,inam,tree,leaf,0,0.398683,0.601317
cvcl,langauge,0,Pert,inam,tree,spoon,1,0.8983134,0.101686575
cvcl,langauge,0,Pert,inam,tree,truck,1,0.7099742,0.2900258
cvcl,langauge,0,Pert,inam,tree,umbrella,1,0.8218305,0.17816953
cvcl,langauge,0,Pert,inam,truck,airplane,1,0.9564338,0.043566275
cvcl,langauge,0,Pert,inam,truck,apple,1,0.95224303,0.047756948
cvcl,langauge,0,Pert,inam,truck,bicycle,1,0.76538146,0.23461854
cvcl,langauge,0,Pert,inam,truck,chair,1,0.75804746,0.24195252
cvcl,langauge,0,Pert,inam,truck,flower,1,0.5871828,0.41281718
cvcl,langauge,0,Pert,inam,truck,fork,1,0.89898634,0.10101366
cvcl,langauge,0,Pert,inam,truck,guitar,1,0.9381853,0.0618147
cvcl,langauge,0,Pert,inam,truck,key,1,0.5316277,0.46837226
cvcl,langauge,0,Pert,inam,truck,kite,1,0.86077464,0.13922532
cvcl,langauge,0,Pert,inam,truck,lamp,1,0.75722635,0.2427736
cvcl,langauge,0,Pert,inam,truck,leaf,1,0.6685292,0.33147082
cvcl,langauge,0,Pert,inam,truck,spoon,1,0.95167404,0.04832595
cvcl,langauge,0,Pert,inam,truck,tree,1,0.75134057,0.24865936
cvcl,langauge,0,Pert,inam,truck,umbrella,1,0.88145673,0.11854326
cvcl,langauge,0,Pert,inam,umbrella,airplane,1,0.88356525,0.11643474
cvcl,langauge,0,Pert,inam,umbrella,apple,1,0.83463806,0.16536197
cvcl,langauge,0,Pert,inam,umbrella,bicycle,0,0.32686475,0.6731353
cvcl,langauge,0,Pert,inam,umbrella,chair,1,0.52397496,0.47602504
cvcl,langauge,0,Pert,inam,umbrella,flower,0,0.13618976,0.86381024
cvcl,langauge,0,Pert,inam,umbrella,fork,1,0.5363365,0.4636635
cvcl,langauge,0,Pert,inam,umbrella,guitar,1,0.74299794,0.2570021
cvcl,langauge,0,Pert,inam,umbrella,key,0,0.20833129,0.7916687
cvcl,langauge,0,Pert,inam,umbrella,kite,1,0.7417652,0.25823474
cvcl,langauge,0,Pert,inam,umbrella,lamp,1,0.60167694,0.39832303
cvcl,langauge,0,Pert,inam,umbrella,leaf,0,0.33124876,0.66875124
cvcl,langauge,0,Pert,inam,umbrella,spoon,1,0.696923,0.30307698
cvcl,langauge,0,Pert,inam,umbrella,tree,0,0.12589502,0.874105
cvcl,langauge,0,Pert,inam,umbrella,truck,0,0.27620026,0.7237997
cvcl,langauge,0,Pert,anim,bear,bird,1,0.8775494,0.12245059
cvcl,langauge,0,Pert,anim,bear,butterfly,0,0.31757882,0.6824212
cvcl,langauge,0,Pert,anim,bear,cat,1,0.665365,0.334635
cvcl,langauge,0,Pert,anim,bear,cow,1,0.9907312,0.0092688855
cvcl,langauge,0,Pert,anim,bear,dog,1,0.6262016,0.37379843
cvcl,langauge,0,Pert,anim,bear,duck,1,0.83376664,0.16623339
cvcl,langauge,0,Pert,anim,bear,elephant,1,0.6715584,0.3284416
cvcl,langauge,0,Pert,anim,bear,fish,0,0.22625786,0.77374214
cvcl,langauge,0,Pert,anim,bear,foot,1,0.6670064,0.33299363
cvcl,langauge,0,Pert,anim,bear,frog,1,0.7223949,0.27760515
cvcl,langauge,0,Pert,anim,bear,hand,1,0.61997086,0.38002914
cvcl,langauge,0,Pert,anim,bear,rabbit,1,0.88123184,0.11876811
cvcl,langauge,0,Pert,anim,bear,squirrel,1,0.9086943,0.091305725
cvcl,langauge,0,Pert,anim,bear,turtle,1,0.8990282,0.10097182
cvcl,langauge,0,Pert,anim,bird,bear,0,0.101468876,0.8985312
cvcl,langauge,0,Pert,anim,bird,butterfly,0,0.106874384,0.8931256
cvcl,langauge,0,Pert,anim,bird,cat,0,0.09661506,0.90338486
cvcl,langauge,0,Pert,anim,bird,cow,1,0.87159383,0.12840614
cvcl,langauge,0,Pert,anim,bird,dog,0,0.14444324,0.8555567
cvcl,langauge,0,Pert,anim,bird,duck,0,0.26962477,0.73037523
cvcl,langauge,0,Pert,anim,bird,elephant,0,0.0945441,0.9054559
cvcl,langauge,0,Pert,anim,bird,fish,0,0.07387723,0.9261228
cvcl,langauge,0,Pert,anim,bird,foot,0,0.1545403,0.8454597
cvcl,langauge,0,Pert,anim,bird,frog,0,0.17625855,0.82374144
cvcl,langauge,0,Pert,anim,bird,hand,0,0.25670087,0.7432991
cvcl,langauge,0,Pert,anim,bird,rabbit,0,0.25011852,0.7498815
cvcl,langauge,0,Pert,anim,bird,squirrel,0,0.4128367,0.58716327
cvcl,langauge,0,Pert,anim,bird,turtle,1,0.589011,0.41098893
cvcl,langauge,0,Pert,anim,butterfly,bear,1,0.6936942,0.3063058
cvcl,langauge,0,Pert,anim,butterfly,bird,1,0.925838,0.07416196
cvcl,langauge,0,Pert,anim,butterfly,cat,1,0.750383,0.24961698
cvcl,langauge,0,Pert,anim,butterfly,cow,1,0.99246055,0.007539484
cvcl,langauge,0,Pert,anim,butterfly,dog,1,0.7251,0.27490005
cvcl,langauge,0,Pert,anim,butterfly,duck,1,0.9266115,0.07338856
cvcl,langauge,0,Pert,anim,butterfly,elephant,1,0.84675586,0.15324417
cvcl,langauge,0,Pert,anim,butterfly,fish,0,0.32767767,0.6723224
cvcl,langauge,0,Pert,anim,butterfly,foot,1,0.73192495,0.26807508
cvcl,langauge,0,Pert,anim,butterfly,frog,1,0.68112016,0.31887984
cvcl,langauge,0,Pert,anim,butterfly,hand,1,0.70176834,0.2982317
cvcl,langauge,0,Pert,anim,butterfly,rabbit,1,0.9472447,0.052755293
cvcl,langauge,0,Pert,anim,butterfly,squirrel,1,0.92246246,0.07753751
cvcl,langauge,0,Pert,anim,butterfly,turtle,1,0.9657914,0.03420864
cvcl,langauge,0,Pert,anim,cat,bear,1,0.63843226,0.36156777
cvcl,langauge,0,Pert,anim,cat,bird,1,0.8573114,0.1426886
cvcl,langauge,0,Pert,anim,cat,butterfly,0,0.35867926,0.64132077
cvcl,langauge,0,Pert,anim,cat,cow,1,0.9849996,0.015000482
cvcl,langauge,0,Pert,anim,cat,dog,1,0.65788,0.34212002
cvcl,langauge,0,Pert,anim,cat,duck,1,0.79463553,0.20536445
cvcl,langauge,0,Pert,anim,cat,elephant,1,0.62984765,0.37015238
cvcl,langauge,0,Pert,anim,cat,fish,1,0.52397925,0.47602072
cvcl,langauge,0,Pert,anim,cat,foot,0,0.40257165,0.5974284
cvcl,langauge,0,Pert,anim,cat,frog,1,0.51680154,0.4831985
cvcl,langauge,0,Pert,anim,cat,hand,1,0.68497384,0.3150262
cvcl,langauge,0,Pert,anim,cat,rabbit,1,0.90354973,0.096450225
cvcl,langauge,0,Pert,anim,cat,squirrel,1,0.8685957,0.1314043
cvcl,langauge,0,Pert,anim,cat,turtle,1,0.9448484,0.055151567
cvcl,langauge,0,Pert,anim,cow,bear,0,0.01568955,0.9843105
cvcl,langauge,0,Pert,anim,cow,bird,0,0.08690049,0.9130995
cvcl,langauge,0,Pert,anim,cow,butterfly,0,0.00396116,0.9960388
cvcl,langauge,0,Pert,anim,cow,cat,0,0.011376588,0.9886234
cvcl,langauge,0,Pert,anim,cow,dog,0,0.036190838,0.96380913
cvcl,langauge,0,Pert,anim,cow,duck,0,0.025077945,0.9749221
cvcl,langauge,0,Pert,anim,cow,elephant,0,0.035854843,0.9641452
cvcl,langauge,0,Pert,anim,cow,fish,0,0.007347523,0.9926524
cvcl,langauge,0,Pert,anim,cow,foot,0,0.043435298,0.9565647
cvcl,langauge,0,Pert,anim,cow,frog,0,0.030794332,0.9692057
cvcl,langauge,0,Pert,anim,cow,hand,0,0.04910106,0.95089895
cvcl,langauge,0,Pert,anim,cow,rabbit,0,0.07638474,0.9236152
cvcl,langauge,0,Pert,anim,cow,squirrel,0,0.09381201,0.906188
cvcl,langauge,0,Pert,anim,cow,turtle,0,0.1155029,0.88449717
cvcl,langauge,0,Pert,anim,dog,bear,0,0.26514864,0.73485136
cvcl,langauge,0,Pert,anim,dog,bird,1,0.83482575,0.16517429
cvcl,langauge,0,Pert,anim,dog,butterfly,0,0.0981705,0.90182954
cvcl,langauge,0,Pert,anim,dog,cat,0,0.27569625,0.7243038
cvcl,langauge,0,Pert,anim,dog,cow,1,0.97597915,0.024020903
cvcl,langauge,0,Pert,anim,dog,duck,0,0.48858637,0.51141363
cvcl,langauge,0,Pert,anim,dog,elephant,0,0.4447716,0.5552284
cvcl,langauge,0,Pert,anim,dog,fish,0,0.15153569,0.8484643
cvcl,langauge,0,Pert,anim,dog,foot,0,0.31695512,0.68304485
cvcl,langauge,0,Pert,anim,dog,frog,0,0.39562795,0.6043721
cvcl,langauge,0,Pert,anim,dog,hand,1,0.67275804,0.32724196
cvcl,langauge,0,Pert,anim,dog,rabbit,1,0.6980992,0.30190077
cvcl,langauge,0,Pert,anim,dog,squirrel,1,0.7523409,0.2476591
cvcl,langauge,0,Pert,anim,dog,turtle,1,0.8239657,0.17603426
cvcl,langauge,0,Pert,anim,duck,bear,0,0.1604629,0.83953714
cvcl,langauge,0,Pert,anim,duck,bird,1,0.6533246,0.34667537
cvcl,langauge,0,Pert,anim,duck,butterfly,0,0.097201236,0.9027987
cvcl,langauge,0,Pert,anim,duck,cat,0,0.12959686,0.8704032
cvcl,langauge,0,Pert,anim,duck,cow,1,0.9549484,0.045051593
cvcl,langauge,0,Pert,anim,duck,dog,0,0.2999642,0.70003587
cvcl,langauge,0,Pert,anim,duck,elephant,0,0.18905386,0.81094617
cvcl,langauge,0,Pert,anim,duck,fish,0,0.08064814,0.9193519
cvcl,langauge,0,Pert,anim,duck,foot,0,0.24488369,0.7551163
cvcl,langauge,0,Pert,anim,duck,frog,0,0.342985,0.65701497
cvcl,langauge,0,Pert,anim,duck,hand,0,0.3916788,0.6083212
cvcl,langauge,0,Pert,anim,duck,rabbit,1,0.712602,0.28739795
cvcl,langauge,0,Pert,anim,duck,squirrel,1,0.5651062,0.4348938
cvcl,langauge,0,Pert,anim,duck,turtle,1,0.70196396,0.29803604
cvcl,langauge,0,Pert,anim,elephant,bear,0,0.36414424,0.63585573
cvcl,langauge,0,Pert,anim,elephant,bird,1,0.7228143,0.27718568
cvcl,langauge,0,Pert,anim,elephant,butterfly,0,0.098284796,0.9017152
cvcl,langauge,0,Pert,anim,elephant,cat,0,0.3953126,0.6046874
cvcl,langauge,0,Pert,anim,elephant,cow,1,0.9615633,0.038436674
cvcl,langauge,0,Pert,anim,elephant,dog,0,0.32350576,0.67649424
cvcl,langauge,0,Pert,anim,elephant,duck,1,0.67902917,0.32097083
cvcl,langauge,0,Pert,anim,elephant,fish,0,0.1764674,0.82353264
cvcl,langauge,0,Pert,anim,elephant,foot,0,0.38944593,0.6105541
cvcl,langauge,0,Pert,anim,elephant,frog,0,0.42301476,0.57698524
cvcl,langauge,0,Pert,anim,elephant,hand,1,0.6649377,0.33506235
cvcl,langauge,0,Pert,anim,elephant,rabbit,1,0.6699693,0.33003065
cvcl,langauge,0,Pert,anim,elephant,squirrel,1,0.8311101,0.16888992
cvcl,langauge,0,Pert,anim,elephant,turtle,1,0.86391073,0.1360892
cvcl,langauge,0,Pert,anim,fish,bear,1,0.7254583,0.2745417
cvcl,langauge,0,Pert,anim,fish,bird,1,0.95698667,0.0430134
cvcl,langauge,0,Pert,anim,fish,butterfly,1,0.66250646,0.3374935
cvcl,langauge,0,Pert,anim,fish,cat,1,0.79880875,0.20119123
cvcl,langauge,0,Pert,anim,fish,cow,1,0.9951167,0.0048833108
cvcl,langauge,0,Pert,anim,fish,dog,1,0.82913965,0.17086032
cvcl,langauge,0,Pert,anim,fish,duck,1,0.90299,0.09701006
cvcl,langauge,0,Pert,anim,fish,elephant,1,0.71938574,0.2806143
cvcl,langauge,0,Pert,anim,fish,foot,1,0.8137749,0.18622507
cvcl,langauge,0,Pert,anim,fish,frog,1,0.8376144,0.16238558
cvcl,langauge,0,Pert,anim,fish,hand,1,0.8363636,0.16363645
cvcl,langauge,0,Pert,anim,fish,rabbit,1,0.9553825,0.04461752
cvcl,langauge,0,Pert,anim,fish,squirrel,1,0.93357956,0.06642045
cvcl,langauge,0,Pert,anim,fish,turtle,1,0.969578,0.030421987
cvcl,langauge,0,Pert,anim,foot,bear,0,0.45404795,0.5459521
cvcl,langauge,0,Pert,anim,foot,bird,1,0.81851596,0.18148407
cvcl,langauge,0,Pert,anim,foot,butterfly,1,0.57874554,0.4212544
cvcl,langauge,0,Pert,anim,foot,cat,0,0.44331735,0.5566827
cvcl,langauge,0,Pert,anim,foot,cow,1,0.9865702,0.013429822
cvcl,langauge,0,Pert,anim,foot,dog,0,0.4730185,0.5269815
cvcl,langauge,0,Pert,anim,foot,duck,1,0.86771584,0.13228422
cvcl,langauge,0,Pert,anim,foot,elephant,1,0.5924857,0.40751427
cvcl,langauge,0,Pert,anim,foot,fish,0,0.21477215,0.78522784
cvcl,langauge,0,Pert,anim,foot,frog,1,0.51367295,0.48632702
cvcl,langauge,0,Pert,anim,foot,hand,1,0.54995626,0.4500437
cvcl,langauge,0,Pert,anim,foot,rabbit,1,0.8569943,0.14300574
cvcl,langauge,0,Pert,anim,foot,squirrel,1,0.86756426,0.13243575
cvcl,langauge,0,Pert,anim,foot,turtle,1,0.9414908,0.058509193
cvcl,langauge,0,Pert,anim,frog,bear,0,0.21803647,0.7819636
cvcl,langauge,0,Pert,anim,frog,bird,1,0.71858495,0.281415
cvcl,langauge,0,Pert,anim,frog,butterfly,0,0.14417055,0.8558295
cvcl,langauge,0,Pert,anim,frog,cat,0,0.22714102,0.772859
cvcl,langauge,0,Pert,anim,frog,cow,1,0.960387,0.039612953
cvcl,langauge,0,Pert,anim,frog,dog,0,0.24665596,0.75334406
cvcl,langauge,0,Pert,anim,frog,duck,1,0.6026829,0.3973171
cvcl,langauge,0,Pert,anim,frog,elephant,0,0.30768052,0.69231945
cvcl,langauge,0,Pert,anim,frog,fish,0,0.0842544,0.9157456
cvcl,langauge,0,Pert,anim,frog,foot,0,0.40697452,0.5930255
cvcl,langauge,0,Pert,anim,frog,hand,1,0.5665799,0.4334201
cvcl,langauge,0,Pert,anim,frog,rabbit,1,0.6167414,0.38325855
cvcl,langauge,0,Pert,anim,frog,squirrel,1,0.7515344,0.24846561
cvcl,langauge,0,Pert,anim,frog,turtle,1,0.77960086,0.22039911
cvcl,langauge,0,Pert,anim,hand,bear,0,0.18244514,0.81755483
cvcl,langauge,0,Pert,anim,hand,bird,1,0.69314384,0.30685613
cvcl,langauge,0,Pert,anim,hand,butterfly,0,0.07065915,0.9293409
cvcl,langauge,0,Pert,anim,hand,cat,0,0.22306472,0.77693534
cvcl,langauge,0,Pert,anim,hand,cow,1,0.9553814,0.0446186
cvcl,langauge,0,Pert,anim,hand,dog,0,0.23878892,0.76121104
cvcl,langauge,0,Pert,anim,hand,duck,0,0.36885777,0.63114226
cvcl,langauge,0,Pert,anim,hand,elephant,0,0.22294256,0.77705747
cvcl,langauge,0,Pert,anim,hand,fish,0,0.17560896,0.82439107
cvcl,langauge,0,Pert,anim,hand,foot,0,0.077384666,0.92261535
cvcl,langauge,0,Pert,anim,hand,frog,0,0.19376184,0.8062382
cvcl,langauge,0,Pert,anim,hand,rabbit,1,0.5736562,0.42634377
cvcl,langauge,0,Pert,anim,hand,squirrel,1,0.7832235,0.21677648
cvcl,langauge,0,Pert,anim,hand,turtle,1,0.742423,0.25757697
cvcl,langauge,0,Pert,anim,rabbit,bear,0,0.22083126,0.7791688
cvcl,langauge,0,Pert,anim,rabbit,bird,1,0.61559844,0.38440156
cvcl,langauge,0,Pert,anim,rabbit,butterfly,0,0.09142259,0.9085774
cvcl,langauge,0,Pert,anim,rabbit,cat,0,0.17734103,0.82265896
cvcl,langauge,0,Pert,anim,rabbit,cow,1,0.9358083,0.06419176
cvcl,langauge,0,Pert,anim,rabbit,dog,0,0.1726332,0.8273668
cvcl,langauge,0,Pert,anim,rabbit,duck,0,0.31362602,0.68637395
cvcl,langauge,0,Pert,anim,rabbit,elephant,0,0.17760047,0.8223995
cvcl,langauge,0,Pert,anim,rabbit,fish,0,0.0796298,0.92037016
cvcl,langauge,0,Pert,anim,rabbit,foot,0,0.1452422,0.8547577
cvcl,langauge,0,Pert,anim,rabbit,frog,0,0.1855358,0.81446415
cvcl,langauge,0,Pert,anim,rabbit,hand,0,0.21055552,0.7894445
cvcl,langauge,0,Pert,anim,rabbit,squirrel,1,0.63321185,0.36678812
cvcl,langauge,0,Pert,anim,rabbit,turtle,1,0.65065295,0.34934705
cvcl,langauge,0,Pert,anim,squirrel,bear,0,0.22248697,0.777513
cvcl,langauge,0,Pert,anim,squirrel,bird,1,0.61042786,0.3895722
cvcl,langauge,0,Pert,anim,squirrel,butterfly,0,0.06511944,0.9348806
cvcl,langauge,0,Pert,anim,squirrel,cat,0,0.100035556,0.89996445
cvcl,langauge,0,Pert,anim,squirrel,cow,1,0.9246814,0.07531858
cvcl,langauge,0,Pert,anim,squirrel,dog,0,0.17276746,0.82723254
cvcl,langauge,0,Pert,anim,squirrel,duck,0,0.34337276,0.65662724
cvcl,langauge,0,Pert,anim,squirrel,elephant,0,0.227197,0.772803
cvcl,langauge,0,Pert,anim,squirrel,fish,0,0.08325319,0.9167468
cvcl,langauge,0,Pert,anim,squirrel,foot,0,0.13473831,0.8652617
cvcl,langauge,0,Pert,anim,squirrel,frog,0,0.17146061,0.8285394
cvcl,langauge,0,Pert,anim,squirrel,hand,0,0.24723996,0.75276005
cvcl,langauge,0,Pert,anim,squirrel,rabbit,0,0.4145049,0.58549505
cvcl,langauge,0,Pert,anim,squirrel,turtle,1,0.75448644,0.24551357
cvcl,langauge,0,Pert,anim,turtle,bear,0,0.13052529,0.86947465
cvcl,langauge,0,Pert,anim,turtle,bird,0,0.3980636,0.60193634
cvcl,langauge,0,Pert,anim,turtle,butterfly,0,0.05845437,0.94154567
cvcl,langauge,0,Pert,anim,turtle,cat,0,0.16884522,0.83115476
cvcl,langauge,0,Pert,anim,turtle,cow,1,0.8941222,0.105877854
cvcl,langauge,0,Pert,anim,turtle,dog,0,0.16346204,0.8365379
cvcl,langauge,0,Pert,anim,turtle,duck,0,0.2995699,0.7004301
cvcl,langauge,0,Pert,anim,turtle,elephant,0,0.15294206,0.84705794
cvcl,langauge,0,Pert,anim,turtle,fish,0,0.03380704,0.96619296
cvcl,langauge,0,Pert,anim,turtle,foot,0,0.21803561,0.7819644
cvcl,langauge,0,Pert,anim,turtle,frog,0,0.16938959,0.83061045
cvcl,langauge,0,Pert,anim,turtle,hand,0,0.25608745,0.7439126
cvcl,langauge,0,Pert,anim,turtle,rabbit,1,0.54979986,0.45020008
cvcl,langauge,0,Pert,anim,turtle,squirrel,0,0.43424076,0.56575924
