CorNet-R_1,Pert,airplane,apple,0.5
CorNet-R_1,Pert,airplane,bicycle,0.5
CorNet-R_1,Pert,airplane,chair,0.5
CorNet-R_1,Pert,airplane,flower,0.5
CorNet-R_1,Pert,airplane,fork,0.5
CorNet-R_1,Pert,airplane,guitar,0.5
CorNet-R_1,Pert,airplane,key,0.5
CorNet-R_1,Pert,airplane,kite,0.5
CorNet-R_1,Pert,airplane,lamp,0.5
CorNet-R_1,Pert,airplane,leaf,0.5
CorNet-R_1,Pert,airplane,spoon,0.5
CorNet-R_1,Pert,airplane,tree,0.5
CorNet-R_1,Pert,airplane,truck,0.5
CorNet-R_1,Pert,airplane,umbrella,0.5
CorNet-R_1,Pert,apple,bicycle,0.5
CorNet-R_1,Pert,apple,chair,0.5
CorNet-R_1,Pert,apple,flower,0.5
CorNet-R_1,Pert,apple,fork,0.5
CorNet-R_1,Pert,apple,guitar,0.5
CorNet-R_1,Pert,apple,key,0.5
CorNet-R_1,Pert,apple,kite,0.5
CorNet-R_1,Pert,apple,lamp,0.5
CorNet-R_1,Pert,apple,leaf,0.5
CorNet-R_1,Pert,apple,spoon,0.5
CorNet-R_1,Pert,apple,tree,0.5
CorNet-R_1,Pert,apple,truck,0.5
CorNet-R_1,Pert,apple,umbrella,0.5
CorNet-R_1,Pert,bear,bird,0.5
CorNet-R_1,Pert,bear,butterfly,0.5
CorNet-R_1,Pert,bear,cat,0.5
CorNet-R_1,Pert,bear,cow,0.5
CorNet-R_1,Pert,bear,dog,0.5
CorNet-R_1,Pert,bear,duck,0.5
CorNet-R_1,Pert,bear,elephant,0.5
CorNet-R_1,Pert,bear,fish,0.5
CorNet-R_1,Pert,bear,foot,0.5
CorNet-R_1,Pert,bear,frog,0.5
CorNet-R_1,Pert,bear,hand,0.5
CorNet-R_1,Pert,bear,rabbit,0.5
CorNet-R_1,Pert,bear,squirrel,0.5
CorNet-R_1,Pert,bear,turtle,0.5
CorNet-R_1,Pert,bicycle,chair,0.5
CorNet-R_1,Pert,bicycle,flower,0.5
CorNet-R_1,Pert,bicycle,fork,0.5
CorNet-R_1,Pert,bicycle,guitar,0.5
CorNet-R_1,Pert,bicycle,key,0.5
CorNet-R_1,Pert,bicycle,kite,0.5
CorNet-R_1,Pert,bicycle,lamp,0.5
CorNet-R_1,Pert,bicycle,leaf,0.5
CorNet-R_1,Pert,bicycle,spoon,0.5
CorNet-R_1,Pert,bicycle,tree,0.5
CorNet-R_1,Pert,bicycle,truck,0.5
CorNet-R_1,Pert,bicycle,umbrella,0.5
CorNet-R_1,Pert,bird,butterfly,0.5
CorNet-R_1,Pert,bird,cat,0.5
CorNet-R_1,Pert,bird,cow,0.5
CorNet-R_1,Pert,bird,dog,0.5
CorNet-R_1,Pert,bird,duck,0.5
CorNet-R_1,Pert,bird,elephant,0.5
CorNet-R_1,Pert,bird,fish,0.5
CorNet-R_1,Pert,bird,foot,0.5
CorNet-R_1,Pert,bird,frog,0.5
CorNet-R_1,Pert,bird,hand,0.5
CorNet-R_1,Pert,bird,rabbit,0.5
CorNet-R_1,Pert,bird,squirrel,0.5
CorNet-R_1,Pert,bird,turtle,0.5
CorNet-R_1,Pert,butterfly,cat,0.5
CorNet-R_1,Pert,butterfly,cow,0.5
CorNet-R_1,Pert,butterfly,dog,0.5
CorNet-R_1,Pert,butterfly,duck,0.5
CorNet-R_1,Pert,butterfly,elephant,0.5
CorNet-R_1,Pert,butterfly,fish,0.5
CorNet-R_1,Pert,butterfly,foot,0.5
CorNet-R_1,Pert,butterfly,frog,0.5
CorNet-R_1,Pert,butterfly,hand,0.5
CorNet-R_1,Pert,butterfly,rabbit,0.5
CorNet-R_1,Pert,butterfly,squirrel,0.5
CorNet-R_1,Pert,butterfly,turtle,0.5
CorNet-R_1,Pert,cat,cow,0.5
CorNet-R_1,Pert,cat,dog,0.5
CorNet-R_1,Pert,cat,duck,0.5
CorNet-R_1,Pert,cat,elephant,0.5
CorNet-R_1,Pert,cat,fish,0.5
CorNet-R_1,Pert,cat,foot,0.5
CorNet-R_1,Pert,cat,frog,0.5
CorNet-R_1,Pert,cat,hand,0.5
CorNet-R_1,Pert,cat,rabbit,0.5
CorNet-R_1,Pert,cat,squirrel,0.5
CorNet-R_1,Pert,cat,turtle,0.5
CorNet-R_1,Pert,chair,flower,0.5
CorNet-R_1,Pert,chair,fork,0.5
CorNet-R_1,Pert,chair,guitar,0.5
CorNet-R_1,Pert,chair,key,0.5
CorNet-R_1,Pert,chair,kite,0.5
CorNet-R_1,Pert,chair,lamp,0.5
CorNet-R_1,Pert,chair,leaf,0.5
CorNet-R_1,Pert,chair,spoon,0.5
CorNet-R_1,Pert,chair,tree,0.5
CorNet-R_1,Pert,chair,truck,0.5
CorNet-R_1,Pert,chair,umbrella,0.5
CorNet-R_1,Pert,cow,dog,0.5
CorNet-R_1,Pert,cow,duck,0.5
CorNet-R_1,Pert,cow,elephant,0.5
CorNet-R_1,Pert,cow,fish,0.5
CorNet-R_1,Pert,cow,foot,0.5
CorNet-R_1,Pert,cow,frog,0.5
CorNet-R_1,Pert,cow,hand,0.5
CorNet-R_1,Pert,cow,rabbit,0.5
CorNet-R_1,Pert,cow,squirrel,0.5
CorNet-R_1,Pert,cow,turtle,0.5
CorNet-R_1,Pert,dog,duck,0.5
CorNet-R_1,Pert,dog,elephant,0.5
CorNet-R_1,Pert,dog,fish,0.5
CorNet-R_1,Pert,dog,foot,0.5
CorNet-R_1,Pert,dog,frog,0.5
CorNet-R_1,Pert,dog,hand,0.5
CorNet-R_1,Pert,dog,rabbit,0.5
CorNet-R_1,Pert,dog,squirrel,0.5
CorNet-R_1,Pert,dog,turtle,0.5
CorNet-R_1,Pert,duck,elephant,0.5
CorNet-R_1,Pert,duck,fish,0.5
CorNet-R_1,Pert,duck,foot,0.5
CorNet-R_1,Pert,duck,frog,0.5
CorNet-R_1,Pert,duck,hand,0.5
CorNet-R_1,Pert,duck,rabbit,0.5
CorNet-R_1,Pert,duck,squirrel,0.5
CorNet-R_1,Pert,duck,turtle,0.5
CorNet-R_1,Pert,elephant,fish,0.5
CorNet-R_1,Pert,elephant,foot,0.5
CorNet-R_1,Pert,elephant,frog,0.5
CorNet-R_1,Pert,elephant,hand,0.5
CorNet-R_1,Pert,elephant,rabbit,0.5
CorNet-R_1,Pert,elephant,squirrel,0.5
CorNet-R_1,Pert,elephant,turtle,0.5
CorNet-R_1,Pert,fish,foot,0.5
CorNet-R_1,Pert,fish,frog,0.5
CorNet-R_1,Pert,fish,hand,0.5
CorNet-R_1,Pert,fish,rabbit,0.5
CorNet-R_1,Pert,fish,squirrel,0.5
CorNet-R_1,Pert,fish,turtle,0.5
CorNet-R_1,Pert,flower,fork,0.5
CorNet-R_1,Pert,flower,guitar,0.5
CorNet-R_1,Pert,flower,key,0.5
CorNet-R_1,Pert,flower,kite,0.5
CorNet-R_1,Pert,flower,lamp,0.5
CorNet-R_1,Pert,flower,leaf,0.5
CorNet-R_1,Pert,flower,spoon,0.5
CorNet-R_1,Pert,flower,tree,0.5
CorNet-R_1,Pert,flower,truck,0.5
CorNet-R_1,Pert,flower,umbrella,0.5
CorNet-R_1,Pert,foot,frog,0.5
CorNet-R_1,Pert,foot,hand,0.5
CorNet-R_1,Pert,foot,rabbit,0.5
CorNet-R_1,Pert,foot,squirrel,0.5
CorNet-R_1,Pert,foot,turtle,0.5
CorNet-R_1,Pert,fork,guitar,0.5
CorNet-R_1,Pert,fork,key,0.5
CorNet-R_1,Pert,fork,kite,0.5
CorNet-R_1,Pert,fork,lamp,0.5
CorNet-R_1,Pert,fork,leaf,0.5
CorNet-R_1,Pert,fork,spoon,0.5
CorNet-R_1,Pert,fork,tree,0.5
CorNet-R_1,Pert,fork,truck,0.5
CorNet-R_1,Pert,fork,umbrella,0.5
CorNet-R_1,Pert,frog,hand,0.5
CorNet-R_1,Pert,frog,rabbit,0.5
CorNet-R_1,Pert,frog,squirrel,0.5
CorNet-R_1,Pert,frog,turtle,0.5
CorNet-R_1,Pert,hand,rabbit,0.5
CorNet-R_1,Pert,hand,squirrel,0.5
CorNet-R_1,Pert,hand,turtle,0.5
CorNet-R_1,Pert,guitar,key,0.5
CorNet-R_1,Pert,guitar,kite,0.5
CorNet-R_1,Pert,guitar,lamp,0.5
CorNet-R_1,Pert,guitar,leaf,0.5
CorNet-R_1,Pert,guitar,spoon,0.5
CorNet-R_1,Pert,guitar,tree,0.5
CorNet-R_1,Pert,guitar,truck,0.5
CorNet-R_1,Pert,guitar,umbrella,0.5
CorNet-R_1,Pert,key,kite,0.5
CorNet-R_1,Pert,key,lamp,0.5
CorNet-R_1,Pert,key,leaf,0.5
CorNet-R_1,Pert,key,spoon,0.5
CorNet-R_1,Pert,key,tree,0.5
CorNet-R_1,Pert,key,truck,0.5
CorNet-R_1,Pert,key,umbrella,0.5
CorNet-R_1,Pert,kite,lamp,0.5
CorNet-R_1,Pert,kite,leaf,0.5
CorNet-R_1,Pert,kite,spoon,0.5
CorNet-R_1,Pert,kite,tree,0.5
CorNet-R_1,Pert,kite,truck,0.5
CorNet-R_1,Pert,kite,umbrella,0.5
CorNet-R_1,Pert,lamp,leaf,0.5
CorNet-R_1,Pert,lamp,spoon,0.5
CorNet-R_1,Pert,lamp,tree,0.5
CorNet-R_1,Pert,lamp,truck,0.5
CorNet-R_1,Pert,lamp,umbrella,0.5
CorNet-R_1,Pert,leaf,spoon,0.5
CorNet-R_1,Pert,leaf,tree,0.5
CorNet-R_1,Pert,leaf,truck,0.5
CorNet-R_1,Pert,leaf,umbrella,0.5
CorNet-R_1,Pert,rabbit,squirrel,0.5
CorNet-R_1,Pert,rabbit,turtle,0.5
CorNet-R_1,Pert,spoon,tree,0.5
CorNet-R_1,Pert,spoon,truck,0.5
CorNet-R_1,Pert,spoon,umbrella,0.5
CorNet-R_1,Pert,squirrel,turtle,0.5
CorNet-R_1,Pert,tree,truck,0.5
CorNet-R_1,Pert,tree,umbrella,0.5
CorNet-R_1,Pert,truck,umbrella,0.5
CorNet-R_2,Pert,airplane,apple,0.55
CorNet-R_2,Pert,airplane,bicycle,0.75
CorNet-R_2,Pert,airplane,chair,0.5
CorNet-R_2,Pert,airplane,flower,0.6
CorNet-R_2,Pert,airplane,fork,0.7
CorNet-R_2,Pert,airplane,guitar,0.65
CorNet-R_2,Pert,airplane,key,0.65
CorNet-R_2,Pert,airplane,kite,0.45
CorNet-R_2,Pert,airplane,lamp,0.5
CorNet-R_2,Pert,airplane,leaf,0.5
CorNet-R_2,Pert,airplane,spoon,0.55
CorNet-R_2,Pert,airplane,tree,0.4
CorNet-R_2,Pert,airplane,truck,0.5
CorNet-R_2,Pert,airplane,umbrella,0.6
CorNet-R_2,Pert,apple,bicycle,0.6
CorNet-R_2,Pert,apple,chair,0.75
CorNet-R_2,Pert,apple,flower,0.75
CorNet-R_2,Pert,apple,fork,0.5
CorNet-R_2,Pert,apple,guitar,0.5
CorNet-R_2,Pert,apple,key,0.5
CorNet-R_2,Pert,apple,kite,0.55
CorNet-R_2,Pert,apple,lamp,0.55
CorNet-R_2,Pert,apple,leaf,0.55
CorNet-R_2,Pert,apple,spoon,0.6
CorNet-R_2,Pert,apple,tree,0.55
CorNet-R_2,Pert,apple,truck,0.7
CorNet-R_2,Pert,apple,umbrella,0.55
CorNet-R_2,Pert,bear,bird,0.5
CorNet-R_2,Pert,bear,butterfly,0.5
CorNet-R_2,Pert,bear,cat,0.5
CorNet-R_2,Pert,bear,cow,0.45
CorNet-R_2,Pert,bear,dog,0.55
CorNet-R_2,Pert,bear,duck,0.5
CorNet-R_2,Pert,bear,elephant,0.6
CorNet-R_2,Pert,bear,fish,0.55
CorNet-R_2,Pert,bear,foot,0.6
CorNet-R_2,Pert,bear,frog,0.5
CorNet-R_2,Pert,bear,hand,0.7
CorNet-R_2,Pert,bear,rabbit,0.55
CorNet-R_2,Pert,bear,squirrel,0.55
CorNet-R_2,Pert,bear,turtle,0.55
CorNet-R_2,Pert,bicycle,chair,0.8
CorNet-R_2,Pert,bicycle,flower,0.65
CorNet-R_2,Pert,bicycle,fork,0.95
CorNet-R_2,Pert,bicycle,guitar,0.6
CorNet-R_2,Pert,bicycle,key,0.6
CorNet-R_2,Pert,bicycle,kite,0.85
CorNet-R_2,Pert,bicycle,lamp,0.5
CorNet-R_2,Pert,bicycle,leaf,0.8
CorNet-R_2,Pert,bicycle,spoon,0.95
CorNet-R_2,Pert,bicycle,tree,0.5
CorNet-R_2,Pert,bicycle,truck,0.9
CorNet-R_2,Pert,bicycle,umbrella,0.6
CorNet-R_2,Pert,bird,butterfly,0.5
CorNet-R_2,Pert,bird,cat,0.5
CorNet-R_2,Pert,bird,cow,0.55
CorNet-R_2,Pert,bird,dog,0.5
CorNet-R_2,Pert,bird,duck,0.55
CorNet-R_2,Pert,bird,elephant,0.5
CorNet-R_2,Pert,bird,fish,0.7
CorNet-R_2,Pert,bird,foot,0.55
CorNet-R_2,Pert,bird,frog,0.7
CorNet-R_2,Pert,bird,hand,0.6
CorNet-R_2,Pert,bird,rabbit,0.6
CorNet-R_2,Pert,bird,squirrel,0.55
CorNet-R_2,Pert,bird,turtle,0.65
CorNet-R_2,Pert,butterfly,cat,0.55
CorNet-R_2,Pert,butterfly,cow,0.55
CorNet-R_2,Pert,butterfly,dog,0.5
CorNet-R_2,Pert,butterfly,duck,0.55
CorNet-R_2,Pert,butterfly,elephant,0.5
CorNet-R_2,Pert,butterfly,fish,0.6
CorNet-R_2,Pert,butterfly,foot,0.65
CorNet-R_2,Pert,butterfly,frog,0.45
CorNet-R_2,Pert,butterfly,hand,0.55
CorNet-R_2,Pert,butterfly,rabbit,0.35
CorNet-R_2,Pert,butterfly,squirrel,0.5
CorNet-R_2,Pert,butterfly,turtle,0.5
CorNet-R_2,Pert,cat,cow,0.5
CorNet-R_2,Pert,cat,dog,0.4
CorNet-R_2,Pert,cat,duck,0.5
CorNet-R_2,Pert,cat,elephant,0.55
CorNet-R_2,Pert,cat,fish,0.5
CorNet-R_2,Pert,cat,foot,0.5
CorNet-R_2,Pert,cat,frog,0.55
CorNet-R_2,Pert,cat,hand,0.5
CorNet-R_2,Pert,cat,rabbit,0.55
CorNet-R_2,Pert,cat,squirrel,0.45
CorNet-R_2,Pert,cat,turtle,0.6
CorNet-R_2,Pert,chair,flower,0.55
CorNet-R_2,Pert,chair,fork,0.8
CorNet-R_2,Pert,chair,guitar,0.55
CorNet-R_2,Pert,chair,key,0.55
CorNet-R_2,Pert,chair,kite,0.55
CorNet-R_2,Pert,chair,lamp,0.4
CorNet-R_2,Pert,chair,leaf,0.75
CorNet-R_2,Pert,chair,spoon,0.85
CorNet-R_2,Pert,chair,tree,0.2
CorNet-R_2,Pert,chair,truck,0.55
CorNet-R_2,Pert,chair,umbrella,0.5
CorNet-R_2,Pert,cow,dog,0.5
CorNet-R_2,Pert,cow,duck,0.65
CorNet-R_2,Pert,cow,elephant,0.5
CorNet-R_2,Pert,cow,fish,0.5
CorNet-R_2,Pert,cow,foot,0.6
CorNet-R_2,Pert,cow,frog,0.55
CorNet-R_2,Pert,cow,hand,0.6
CorNet-R_2,Pert,cow,rabbit,0.5
CorNet-R_2,Pert,cow,squirrel,0.45
CorNet-R_2,Pert,cow,turtle,0.6
CorNet-R_2,Pert,dog,duck,0.5
CorNet-R_2,Pert,dog,elephant,0.55
CorNet-R_2,Pert,dog,fish,0.55
CorNet-R_2,Pert,dog,foot,0.5
CorNet-R_2,Pert,dog,frog,0.5
CorNet-R_2,Pert,dog,hand,0.5
CorNet-R_2,Pert,dog,rabbit,0.55
CorNet-R_2,Pert,dog,squirrel,0.5
CorNet-R_2,Pert,dog,turtle,0.5
CorNet-R_2,Pert,duck,elephant,0.6
CorNet-R_2,Pert,duck,fish,0.5
CorNet-R_2,Pert,duck,foot,0.5
CorNet-R_2,Pert,duck,frog,0.5
CorNet-R_2,Pert,duck,hand,0.65
CorNet-R_2,Pert,duck,rabbit,0.55
CorNet-R_2,Pert,duck,squirrel,0.5
CorNet-R_2,Pert,duck,turtle,0.55
CorNet-R_2,Pert,elephant,fish,0.5
CorNet-R_2,Pert,elephant,foot,0.65
CorNet-R_2,Pert,elephant,frog,0.5
CorNet-R_2,Pert,elephant,hand,0.5
CorNet-R_2,Pert,elephant,rabbit,0.6
CorNet-R_2,Pert,elephant,squirrel,0.55
CorNet-R_2,Pert,elephant,turtle,0.5
CorNet-R_2,Pert,fish,foot,0.5
CorNet-R_2,Pert,fish,frog,0.55
CorNet-R_2,Pert,fish,hand,0.6
CorNet-R_2,Pert,fish,rabbit,0.55
CorNet-R_2,Pert,fish,squirrel,0.5
CorNet-R_2,Pert,fish,turtle,0.45
CorNet-R_2,Pert,flower,fork,0.6
CorNet-R_2,Pert,flower,guitar,0.5
CorNet-R_2,Pert,flower,key,0.55
CorNet-R_2,Pert,flower,kite,0.55
CorNet-R_2,Pert,flower,lamp,0.45
CorNet-R_2,Pert,flower,leaf,0.5
CorNet-R_2,Pert,flower,spoon,0.6
CorNet-R_2,Pert,flower,tree,0.4
CorNet-R_2,Pert,flower,truck,0.7
CorNet-R_2,Pert,flower,umbrella,0.65
CorNet-R_2,Pert,foot,frog,0.55
CorNet-R_2,Pert,foot,hand,0.5
CorNet-R_2,Pert,foot,rabbit,0.4
CorNet-R_2,Pert,foot,squirrel,0.5
CorNet-R_2,Pert,foot,turtle,0.6
CorNet-R_2,Pert,fork,guitar,0.75
CorNet-R_2,Pert,fork,key,0.5
CorNet-R_2,Pert,fork,kite,0.6
CorNet-R_2,Pert,fork,lamp,0.6
CorNet-R_2,Pert,fork,leaf,0.5
CorNet-R_2,Pert,fork,spoon,0.55
CorNet-R_2,Pert,fork,tree,0.45
CorNet-R_2,Pert,fork,truck,0.6
CorNet-R_2,Pert,fork,umbrella,0.7
CorNet-R_2,Pert,frog,hand,0.7
CorNet-R_2,Pert,frog,rabbit,0.5
CorNet-R_2,Pert,frog,squirrel,0.55
CorNet-R_2,Pert,frog,turtle,0.5
CorNet-R_2,Pert,hand,rabbit,0.6
CorNet-R_2,Pert,hand,squirrel,0.5
CorNet-R_2,Pert,hand,turtle,0.6
CorNet-R_2,Pert,guitar,key,0.5
CorNet-R_2,Pert,guitar,kite,0.7
CorNet-R_2,Pert,guitar,lamp,0.6
CorNet-R_2,Pert,guitar,leaf,0.5
CorNet-R_2,Pert,guitar,spoon,0.55
CorNet-R_2,Pert,guitar,tree,0.5
CorNet-R_2,Pert,guitar,truck,0.6
CorNet-R_2,Pert,guitar,umbrella,0.55
CorNet-R_2,Pert,key,kite,0.6
CorNet-R_2,Pert,key,lamp,0.45
CorNet-R_2,Pert,key,leaf,0.5
CorNet-R_2,Pert,key,spoon,0.6
CorNet-R_2,Pert,key,tree,0.5
CorNet-R_2,Pert,key,truck,0.5
CorNet-R_2,Pert,key,umbrella,0.5
CorNet-R_2,Pert,kite,lamp,0.6
CorNet-R_2,Pert,kite,leaf,0.5
CorNet-R_2,Pert,kite,spoon,0.55
CorNet-R_2,Pert,kite,tree,0.4
CorNet-R_2,Pert,kite,truck,0.55
CorNet-R_2,Pert,kite,umbrella,0.6
CorNet-R_2,Pert,lamp,leaf,0.3
CorNet-R_2,Pert,lamp,spoon,0.55
CorNet-R_2,Pert,lamp,tree,0.5
CorNet-R_2,Pert,lamp,truck,0.55
CorNet-R_2,Pert,lamp,umbrella,0.45
CorNet-R_2,Pert,leaf,spoon,0.75
CorNet-R_2,Pert,leaf,tree,0.2
CorNet-R_2,Pert,leaf,truck,0.55
CorNet-R_2,Pert,leaf,umbrella,0.5
CorNet-R_2,Pert,rabbit,squirrel,0.45
CorNet-R_2,Pert,rabbit,turtle,0.6
CorNet-R_2,Pert,spoon,tree,0.6
CorNet-R_2,Pert,spoon,truck,0.55
CorNet-R_2,Pert,spoon,umbrella,0.55
CorNet-R_2,Pert,squirrel,turtle,0.55
CorNet-R_2,Pert,tree,truck,0.5
CorNet-R_2,Pert,tree,umbrella,0.5
CorNet-R_2,Pert,truck,umbrella,0.6
CorNet-R_3,Pert,airplane,apple,0.65
CorNet-R_3,Pert,airplane,bicycle,0.7
CorNet-R_3,Pert,airplane,chair,0.45
CorNet-R_3,Pert,airplane,flower,0.5
CorNet-R_3,Pert,airplane,fork,0.55
CorNet-R_3,Pert,airplane,guitar,0.65
CorNet-R_3,Pert,airplane,key,0.55
CorNet-R_3,Pert,airplane,kite,0.5
CorNet-R_3,Pert,airplane,lamp,0.6
CorNet-R_3,Pert,airplane,leaf,0.5
CorNet-R_3,Pert,airplane,spoon,0.65
CorNet-R_3,Pert,airplane,tree,0.45
CorNet-R_3,Pert,airplane,truck,0.55
CorNet-R_3,Pert,airplane,umbrella,0.4
CorNet-R_3,Pert,apple,bicycle,0.65
CorNet-R_3,Pert,apple,chair,0.8
CorNet-R_3,Pert,apple,flower,0.8
CorNet-R_3,Pert,apple,fork,0.55
CorNet-R_3,Pert,apple,guitar,0.65
CorNet-R_3,Pert,apple,key,0.5
CorNet-R_3,Pert,apple,kite,0.5
CorNet-R_3,Pert,apple,lamp,0.6
CorNet-R_3,Pert,apple,leaf,0.5
CorNet-R_3,Pert,apple,spoon,0.65
CorNet-R_3,Pert,apple,tree,0.55
CorNet-R_3,Pert,apple,truck,0.75
CorNet-R_3,Pert,apple,umbrella,0.7
CorNet-R_3,Pert,bear,bird,0.5
CorNet-R_3,Pert,bear,butterfly,0.5
CorNet-R_3,Pert,bear,cat,0.55
CorNet-R_3,Pert,bear,cow,0.45
CorNet-R_3,Pert,bear,dog,0.45
CorNet-R_3,Pert,bear,duck,0.5
CorNet-R_3,Pert,bear,elephant,0.55
CorNet-R_3,Pert,bear,fish,0.5
CorNet-R_3,Pert,bear,foot,0.5
CorNet-R_3,Pert,bear,frog,0.5
CorNet-R_3,Pert,bear,hand,0.5
CorNet-R_3,Pert,bear,rabbit,0.45
CorNet-R_3,Pert,bear,squirrel,0.5
CorNet-R_3,Pert,bear,turtle,0.5
CorNet-R_3,Pert,bicycle,chair,0.6
CorNet-R_3,Pert,bicycle,flower,0.5
CorNet-R_3,Pert,bicycle,fork,0.9
CorNet-R_3,Pert,bicycle,guitar,0.65
CorNet-R_3,Pert,bicycle,key,0.65
CorNet-R_3,Pert,bicycle,kite,0.95
CorNet-R_3,Pert,bicycle,lamp,0.55
CorNet-R_3,Pert,bicycle,leaf,0.7
CorNet-R_3,Pert,bicycle,spoon,0.9
CorNet-R_3,Pert,bicycle,tree,0.5
CorNet-R_3,Pert,bicycle,truck,0.5
CorNet-R_3,Pert,bicycle,umbrella,0.5
CorNet-R_3,Pert,bird,butterfly,0.6
CorNet-R_3,Pert,bird,cat,0.5
CorNet-R_3,Pert,bird,cow,0.65
CorNet-R_3,Pert,bird,dog,0.55
CorNet-R_3,Pert,bird,duck,0.5
CorNet-R_3,Pert,bird,elephant,0.6
CorNet-R_3,Pert,bird,fish,0.6
CorNet-R_3,Pert,bird,foot,0.5
CorNet-R_3,Pert,bird,frog,0.55
CorNet-R_3,Pert,bird,hand,0.5
CorNet-R_3,Pert,bird,rabbit,0.55
CorNet-R_3,Pert,bird,squirrel,0.55
CorNet-R_3,Pert,bird,turtle,0.55
CorNet-R_3,Pert,butterfly,cat,0.5
CorNet-R_3,Pert,butterfly,cow,0.5
CorNet-R_3,Pert,butterfly,dog,0.55
CorNet-R_3,Pert,butterfly,duck,0.5
CorNet-R_3,Pert,butterfly,elephant,0.65
CorNet-R_3,Pert,butterfly,fish,0.55
CorNet-R_3,Pert,butterfly,foot,0.35
CorNet-R_3,Pert,butterfly,frog,0.6
CorNet-R_3,Pert,butterfly,hand,0.55
CorNet-R_3,Pert,butterfly,rabbit,0.45
CorNet-R_3,Pert,butterfly,squirrel,0.5
CorNet-R_3,Pert,butterfly,turtle,0.5
CorNet-R_3,Pert,cat,cow,0.55
CorNet-R_3,Pert,cat,dog,0.45
CorNet-R_3,Pert,cat,duck,0.5
CorNet-R_3,Pert,cat,elephant,0.6
CorNet-R_3,Pert,cat,fish,0.5
CorNet-R_3,Pert,cat,foot,0.55
CorNet-R_3,Pert,cat,frog,0.5
CorNet-R_3,Pert,cat,hand,0.5
CorNet-R_3,Pert,cat,rabbit,0.5
CorNet-R_3,Pert,cat,squirrel,0.5
CorNet-R_3,Pert,cat,turtle,0.5
CorNet-R_3,Pert,chair,flower,0.65
CorNet-R_3,Pert,chair,fork,0.95
CorNet-R_3,Pert,chair,guitar,0.6
CorNet-R_3,Pert,chair,key,0.5
CorNet-R_3,Pert,chair,kite,0.5
CorNet-R_3,Pert,chair,lamp,0.5
CorNet-R_3,Pert,chair,leaf,0.55
CorNet-R_3,Pert,chair,spoon,0.8
CorNet-R_3,Pert,chair,tree,0.3
CorNet-R_3,Pert,chair,truck,0.5
CorNet-R_3,Pert,chair,umbrella,0.5
CorNet-R_3,Pert,cow,dog,0.5
CorNet-R_3,Pert,cow,duck,0.7
CorNet-R_3,Pert,cow,elephant,0.65
CorNet-R_3,Pert,cow,fish,0.5
CorNet-R_3,Pert,cow,foot,0.55
CorNet-R_3,Pert,cow,frog,0.5
CorNet-R_3,Pert,cow,hand,0.55
CorNet-R_3,Pert,cow,rabbit,0.6
CorNet-R_3,Pert,cow,squirrel,0.45
CorNet-R_3,Pert,cow,turtle,0.5
CorNet-R_3,Pert,dog,duck,0.5
CorNet-R_3,Pert,dog,elephant,0.65
CorNet-R_3,Pert,dog,fish,0.5
CorNet-R_3,Pert,dog,foot,0.5
CorNet-R_3,Pert,dog,frog,0.5
CorNet-R_3,Pert,dog,hand,0.55
CorNet-R_3,Pert,dog,rabbit,0.5
CorNet-R_3,Pert,dog,squirrel,0.5
CorNet-R_3,Pert,dog,turtle,0.5
CorNet-R_3,Pert,duck,elephant,0.9
CorNet-R_3,Pert,duck,fish,0.5
CorNet-R_3,Pert,duck,foot,0.4
CorNet-R_3,Pert,duck,frog,0.6
CorNet-R_3,Pert,duck,hand,0.5
CorNet-R_3,Pert,duck,rabbit,0.5
CorNet-R_3,Pert,duck,squirrel,0.55
CorNet-R_3,Pert,duck,turtle,0.5
CorNet-R_3,Pert,elephant,fish,0.5
CorNet-R_3,Pert,elephant,foot,0.7
CorNet-R_3,Pert,elephant,frog,0.65
CorNet-R_3,Pert,elephant,hand,0.5
CorNet-R_3,Pert,elephant,rabbit,0.95
CorNet-R_3,Pert,elephant,squirrel,0.7
CorNet-R_3,Pert,elephant,turtle,0.55
CorNet-R_3,Pert,fish,foot,0.45
CorNet-R_3,Pert,fish,frog,0.5
CorNet-R_3,Pert,fish,hand,0.5
CorNet-R_3,Pert,fish,rabbit,0.5
CorNet-R_3,Pert,fish,squirrel,0.5
CorNet-R_3,Pert,fish,turtle,0.45
CorNet-R_3,Pert,flower,fork,0.6
CorNet-R_3,Pert,flower,guitar,0.5
CorNet-R_3,Pert,flower,key,0.5
CorNet-R_3,Pert,flower,kite,0.5
CorNet-R_3,Pert,flower,lamp,0.55
CorNet-R_3,Pert,flower,leaf,0.5
CorNet-R_3,Pert,flower,spoon,0.55
CorNet-R_3,Pert,flower,tree,0.35
CorNet-R_3,Pert,flower,truck,0.7
CorNet-R_3,Pert,flower,umbrella,0.6
CorNet-R_3,Pert,foot,frog,0.55
CorNet-R_3,Pert,foot,hand,0.45
CorNet-R_3,Pert,foot,rabbit,0.45
CorNet-R_3,Pert,foot,squirrel,0.55
CorNet-R_3,Pert,foot,turtle,0.55
CorNet-R_3,Pert,fork,guitar,0.8
CorNet-R_3,Pert,fork,key,0.5
CorNet-R_3,Pert,fork,kite,0.55
CorNet-R_3,Pert,fork,lamp,0.55
CorNet-R_3,Pert,fork,leaf,0.5
CorNet-R_3,Pert,fork,spoon,0.5
CorNet-R_3,Pert,fork,tree,0.45
CorNet-R_3,Pert,fork,truck,0.5
CorNet-R_3,Pert,fork,umbrella,0.8
CorNet-R_3,Pert,frog,hand,0.6
CorNet-R_3,Pert,frog,rabbit,0.55
CorNet-R_3,Pert,frog,squirrel,0.5
CorNet-R_3,Pert,frog,turtle,0.45
CorNet-R_3,Pert,hand,rabbit,0.6
CorNet-R_3,Pert,hand,squirrel,0.6
CorNet-R_3,Pert,hand,turtle,0.5
CorNet-R_3,Pert,guitar,key,0.5
CorNet-R_3,Pert,guitar,kite,0.65
CorNet-R_3,Pert,guitar,lamp,0.5
CorNet-R_3,Pert,guitar,leaf,0.5
CorNet-R_3,Pert,guitar,spoon,0.65
CorNet-R_3,Pert,guitar,tree,0.6
CorNet-R_3,Pert,guitar,truck,0.5
CorNet-R_3,Pert,guitar,umbrella,0.7
CorNet-R_3,Pert,key,kite,0.5
CorNet-R_3,Pert,key,lamp,0.5
CorNet-R_3,Pert,key,leaf,0.5
CorNet-R_3,Pert,key,spoon,0.5
CorNet-R_3,Pert,key,tree,0.5
CorNet-R_3,Pert,key,truck,0.5
CorNet-R_3,Pert,key,umbrella,0.5
CorNet-R_3,Pert,kite,lamp,0.8
CorNet-R_3,Pert,kite,leaf,0.65
CorNet-R_3,Pert,kite,spoon,0.5
CorNet-R_3,Pert,kite,tree,0.5
CorNet-R_3,Pert,kite,truck,0.5
CorNet-R_3,Pert,kite,umbrella,0.5
CorNet-R_3,Pert,lamp,leaf,0.55
CorNet-R_3,Pert,lamp,spoon,0.55
CorNet-R_3,Pert,lamp,tree,0.55
CorNet-R_3,Pert,lamp,truck,0.5
CorNet-R_3,Pert,lamp,umbrella,0.55
CorNet-R_3,Pert,leaf,spoon,0.55
CorNet-R_3,Pert,leaf,tree,0.45
CorNet-R_3,Pert,leaf,truck,0.5
CorNet-R_3,Pert,leaf,umbrella,0.45
CorNet-R_3,Pert,rabbit,squirrel,0.5
CorNet-R_3,Pert,rabbit,turtle,0.55
CorNet-R_3,Pert,spoon,tree,0.5
CorNet-R_3,Pert,spoon,truck,0.55
CorNet-R_3,Pert,spoon,umbrella,0.55
CorNet-R_3,Pert,squirrel,turtle,0.6
CorNet-R_3,Pert,tree,truck,0.55
CorNet-R_3,Pert,tree,umbrella,0.45
CorNet-R_3,Pert,truck,umbrella,0.55
CorNet-R_4,Pert,airplane,apple,0.6
CorNet-R_4,Pert,airplane,bicycle,0.9
CorNet-R_4,Pert,airplane,chair,0.5
CorNet-R_4,Pert,airplane,flower,0.5
CorNet-R_4,Pert,airplane,fork,0.65
CorNet-R_4,Pert,airplane,guitar,0.6
CorNet-R_4,Pert,airplane,key,0.7
CorNet-R_4,Pert,airplane,kite,0.55
CorNet-R_4,Pert,airplane,lamp,0.7
CorNet-R_4,Pert,airplane,leaf,0.6
CorNet-R_4,Pert,airplane,spoon,0.85
CorNet-R_4,Pert,airplane,tree,0.5
CorNet-R_4,Pert,airplane,truck,0.5
CorNet-R_4,Pert,airplane,umbrella,0.5
CorNet-R_4,Pert,apple,bicycle,0.5
CorNet-R_4,Pert,apple,chair,0.6
CorNet-R_4,Pert,apple,flower,0.7
CorNet-R_4,Pert,apple,fork,0.55
CorNet-R_4,Pert,apple,guitar,0.7
CorNet-R_4,Pert,apple,key,0.5
CorNet-R_4,Pert,apple,kite,0.5
CorNet-R_4,Pert,apple,lamp,0.5
CorNet-R_4,Pert,apple,leaf,0.5
CorNet-R_4,Pert,apple,spoon,0.65
CorNet-R_4,Pert,apple,tree,0.55
CorNet-R_4,Pert,apple,truck,0.8
CorNet-R_4,Pert,apple,umbrella,0.6
CorNet-R_4,Pert,bear,bird,0.5
CorNet-R_4,Pert,bear,butterfly,0.75
CorNet-R_4,Pert,bear,cat,0.55
CorNet-R_4,Pert,bear,cow,0.45
CorNet-R_4,Pert,bear,dog,0.5
CorNet-R_4,Pert,bear,duck,0.5
CorNet-R_4,Pert,bear,elephant,0.5
CorNet-R_4,Pert,bear,fish,0.55
CorNet-R_4,Pert,bear,foot,0.55
CorNet-R_4,Pert,bear,frog,0.45
CorNet-R_4,Pert,bear,hand,0.5
CorNet-R_4,Pert,bear,rabbit,0.6
CorNet-R_4,Pert,bear,squirrel,0.5
CorNet-R_4,Pert,bear,turtle,0.5
CorNet-R_4,Pert,bicycle,chair,0.55
CorNet-R_4,Pert,bicycle,flower,0.65
CorNet-R_4,Pert,bicycle,fork,1.0
CorNet-R_4,Pert,bicycle,guitar,0.6
CorNet-R_4,Pert,bicycle,key,0.5
CorNet-R_4,Pert,bicycle,kite,0.65
CorNet-R_4,Pert,bicycle,lamp,0.5
CorNet-R_4,Pert,bicycle,leaf,0.85
CorNet-R_4,Pert,bicycle,spoon,0.8
CorNet-R_4,Pert,bicycle,tree,0.5
CorNet-R_4,Pert,bicycle,truck,0.5
CorNet-R_4,Pert,bicycle,umbrella,0.5
CorNet-R_4,Pert,bird,butterfly,0.85
CorNet-R_4,Pert,bird,cat,0.5
CorNet-R_4,Pert,bird,cow,0.5
CorNet-R_4,Pert,bird,dog,0.55
CorNet-R_4,Pert,bird,duck,0.5
CorNet-R_4,Pert,bird,elephant,0.5
CorNet-R_4,Pert,bird,fish,0.65
CorNet-R_4,Pert,bird,foot,0.5
CorNet-R_4,Pert,bird,frog,0.7
CorNet-R_4,Pert,bird,hand,0.75
CorNet-R_4,Pert,bird,rabbit,0.5
CorNet-R_4,Pert,bird,squirrel,0.5
CorNet-R_4,Pert,bird,turtle,0.55
CorNet-R_4,Pert,butterfly,cat,0.55
CorNet-R_4,Pert,butterfly,cow,0.7
CorNet-R_4,Pert,butterfly,dog,0.6
CorNet-R_4,Pert,butterfly,duck,0.6
CorNet-R_4,Pert,butterfly,elephant,0.75
CorNet-R_4,Pert,butterfly,fish,0.65
CorNet-R_4,Pert,butterfly,foot,0.8
CorNet-R_4,Pert,butterfly,frog,0.75
CorNet-R_4,Pert,butterfly,hand,0.75
CorNet-R_4,Pert,butterfly,rabbit,0.85
CorNet-R_4,Pert,butterfly,squirrel,0.5
CorNet-R_4,Pert,butterfly,turtle,0.5
CorNet-R_4,Pert,cat,cow,0.55
CorNet-R_4,Pert,cat,dog,0.5
CorNet-R_4,Pert,cat,duck,0.6
CorNet-R_4,Pert,cat,elephant,0.6
CorNet-R_4,Pert,cat,fish,0.5
CorNet-R_4,Pert,cat,foot,0.55
CorNet-R_4,Pert,cat,frog,0.55
CorNet-R_4,Pert,cat,hand,0.5
CorNet-R_4,Pert,cat,rabbit,0.65
CorNet-R_4,Pert,cat,squirrel,0.45
CorNet-R_4,Pert,cat,turtle,0.55
CorNet-R_4,Pert,chair,flower,0.8
CorNet-R_4,Pert,chair,fork,0.55
CorNet-R_4,Pert,chair,guitar,0.6
CorNet-R_4,Pert,chair,key,0.5
CorNet-R_4,Pert,chair,kite,0.5
CorNet-R_4,Pert,chair,lamp,0.3
CorNet-R_4,Pert,chair,leaf,0.8
CorNet-R_4,Pert,chair,spoon,0.8
CorNet-R_4,Pert,chair,tree,0.5
CorNet-R_4,Pert,chair,truck,0.4
CorNet-R_4,Pert,chair,umbrella,0.65
CorNet-R_4,Pert,cow,dog,0.5
CorNet-R_4,Pert,cow,duck,0.6
CorNet-R_4,Pert,cow,elephant,0.65
CorNet-R_4,Pert,cow,fish,0.45
CorNet-R_4,Pert,cow,foot,0.65
CorNet-R_4,Pert,cow,frog,0.65
CorNet-R_4,Pert,cow,hand,0.65
CorNet-R_4,Pert,cow,rabbit,0.7
CorNet-R_4,Pert,cow,squirrel,0.5
CorNet-R_4,Pert,cow,turtle,0.6
CorNet-R_4,Pert,dog,duck,0.75
CorNet-R_4,Pert,dog,elephant,0.55
CorNet-R_4,Pert,dog,fish,0.5
CorNet-R_4,Pert,dog,foot,0.6
CorNet-R_4,Pert,dog,frog,0.5
CorNet-R_4,Pert,dog,hand,0.6
CorNet-R_4,Pert,dog,rabbit,0.5
CorNet-R_4,Pert,dog,squirrel,0.5
CorNet-R_4,Pert,dog,turtle,0.6
CorNet-R_4,Pert,duck,elephant,0.75
CorNet-R_4,Pert,duck,fish,0.55
CorNet-R_4,Pert,duck,foot,0.6
CorNet-R_4,Pert,duck,frog,0.5
CorNet-R_4,Pert,duck,hand,0.65
CorNet-R_4,Pert,duck,rabbit,0.65
CorNet-R_4,Pert,duck,squirrel,0.6
CorNet-R_4,Pert,duck,turtle,0.55
CorNet-R_4,Pert,elephant,fish,0.65
CorNet-R_4,Pert,elephant,foot,0.7
CorNet-R_4,Pert,elephant,frog,0.5
CorNet-R_4,Pert,elephant,hand,0.6
CorNet-R_4,Pert,elephant,rabbit,0.7
CorNet-R_4,Pert,elephant,squirrel,0.5
CorNet-R_4,Pert,elephant,turtle,0.5
CorNet-R_4,Pert,fish,foot,0.5
CorNet-R_4,Pert,fish,frog,0.55
CorNet-R_4,Pert,fish,hand,0.55
CorNet-R_4,Pert,fish,rabbit,0.5
CorNet-R_4,Pert,fish,squirrel,0.5
CorNet-R_4,Pert,fish,turtle,0.5
CorNet-R_4,Pert,flower,fork,0.7
CorNet-R_4,Pert,flower,guitar,0.5
CorNet-R_4,Pert,flower,key,0.5
CorNet-R_4,Pert,flower,kite,0.5
CorNet-R_4,Pert,flower,lamp,0.5
CorNet-R_4,Pert,flower,leaf,0.5
CorNet-R_4,Pert,flower,spoon,0.9
CorNet-R_4,Pert,flower,tree,0.45
CorNet-R_4,Pert,flower,truck,0.75
CorNet-R_4,Pert,flower,umbrella,0.5
CorNet-R_4,Pert,foot,frog,0.45
CorNet-R_4,Pert,foot,hand,0.5
CorNet-R_4,Pert,foot,rabbit,0.55
CorNet-R_4,Pert,foot,squirrel,0.5
CorNet-R_4,Pert,foot,turtle,0.5
CorNet-R_4,Pert,fork,guitar,0.55
CorNet-R_4,Pert,fork,key,0.5
CorNet-R_4,Pert,fork,kite,0.5
CorNet-R_4,Pert,fork,lamp,0.8
CorNet-R_4,Pert,fork,leaf,0.5
CorNet-R_4,Pert,fork,spoon,0.55
CorNet-R_4,Pert,fork,tree,0.7
CorNet-R_4,Pert,fork,truck,0.55
CorNet-R_4,Pert,fork,umbrella,0.6
CorNet-R_4,Pert,frog,hand,0.7
CorNet-R_4,Pert,frog,rabbit,0.65
CorNet-R_4,Pert,frog,squirrel,0.5
CorNet-R_4,Pert,frog,turtle,0.45
CorNet-R_4,Pert,hand,rabbit,0.6
CorNet-R_4,Pert,hand,squirrel,0.55
CorNet-R_4,Pert,hand,turtle,0.55
CorNet-R_4,Pert,guitar,key,0.5
CorNet-R_4,Pert,guitar,kite,0.5
CorNet-R_4,Pert,guitar,lamp,0.6
CorNet-R_4,Pert,guitar,leaf,0.5
CorNet-R_4,Pert,guitar,spoon,0.6
CorNet-R_4,Pert,guitar,tree,0.6
CorNet-R_4,Pert,guitar,truck,0.5
CorNet-R_4,Pert,guitar,umbrella,0.85
CorNet-R_4,Pert,key,kite,0.7
CorNet-R_4,Pert,key,lamp,0.5
CorNet-R_4,Pert,key,leaf,0.6
CorNet-R_4,Pert,key,spoon,0.5
CorNet-R_4,Pert,key,tree,0.5
CorNet-R_4,Pert,key,truck,0.5
CorNet-R_4,Pert,key,umbrella,0.5
CorNet-R_4,Pert,kite,lamp,0.55
CorNet-R_4,Pert,kite,leaf,0.65
CorNet-R_4,Pert,kite,spoon,0.55
CorNet-R_4,Pert,kite,tree,0.5
CorNet-R_4,Pert,kite,truck,0.5
CorNet-R_4,Pert,kite,umbrella,0.5
CorNet-R_4,Pert,lamp,leaf,0.5
CorNet-R_4,Pert,lamp,spoon,0.55
CorNet-R_4,Pert,lamp,tree,0.5
CorNet-R_4,Pert,lamp,truck,0.5
CorNet-R_4,Pert,lamp,umbrella,0.5
CorNet-R_4,Pert,leaf,spoon,0.75
CorNet-R_4,Pert,leaf,tree,0.4
CorNet-R_4,Pert,leaf,truck,0.5
CorNet-R_4,Pert,leaf,umbrella,0.5
CorNet-R_4,Pert,rabbit,squirrel,0.45
CorNet-R_4,Pert,rabbit,turtle,0.55
CorNet-R_4,Pert,spoon,tree,0.85
CorNet-R_4,Pert,spoon,truck,0.55
CorNet-R_4,Pert,spoon,umbrella,0.75
CorNet-R_4,Pert,squirrel,turtle,0.65
CorNet-R_4,Pert,tree,truck,0.55
CorNet-R_4,Pert,tree,umbrella,0.6
CorNet-R_4,Pert,truck,umbrella,0.55
CorNet-R_5,Pert,airplane,apple,0.95
CorNet-R_5,Pert,airplane,bicycle,0.75
CorNet-R_5,Pert,airplane,chair,0.5
CorNet-R_5,Pert,airplane,flower,0.55
CorNet-R_5,Pert,airplane,fork,0.45
CorNet-R_5,Pert,airplane,guitar,0.7
CorNet-R_5,Pert,airplane,key,0.85
CorNet-R_5,Pert,airplane,kite,0.5
CorNet-R_5,Pert,airplane,lamp,0.85
CorNet-R_5,Pert,airplane,leaf,0.5
CorNet-R_5,Pert,airplane,spoon,0.85
CorNet-R_5,Pert,airplane,tree,0.5
CorNet-R_5,Pert,airplane,truck,0.5
CorNet-R_5,Pert,airplane,umbrella,0.6
CorNet-R_5,Pert,apple,bicycle,0.5
CorNet-R_5,Pert,apple,chair,1.0
CorNet-R_5,Pert,apple,flower,0.5
CorNet-R_5,Pert,apple,fork,0.7
CorNet-R_5,Pert,apple,guitar,0.85
CorNet-R_5,Pert,apple,key,0.75
CorNet-R_5,Pert,apple,kite,0.6
CorNet-R_5,Pert,apple,lamp,0.45
CorNet-R_5,Pert,apple,leaf,0.75
CorNet-R_5,Pert,apple,spoon,0.6
CorNet-R_5,Pert,apple,tree,0.65
CorNet-R_5,Pert,apple,truck,0.65
CorNet-R_5,Pert,apple,umbrella,0.55
CorNet-R_5,Pert,bear,bird,0.5
CorNet-R_5,Pert,bear,butterfly,0.95
CorNet-R_5,Pert,bear,cat,0.55
CorNet-R_5,Pert,bear,cow,0.5
CorNet-R_5,Pert,bear,dog,0.5
CorNet-R_5,Pert,bear,duck,0.7
CorNet-R_5,Pert,bear,elephant,0.6
CorNet-R_5,Pert,bear,fish,0.5
CorNet-R_5,Pert,bear,foot,0.7
CorNet-R_5,Pert,bear,frog,0.45
CorNet-R_5,Pert,bear,hand,0.55
CorNet-R_5,Pert,bear,rabbit,0.6
CorNet-R_5,Pert,bear,squirrel,0.6
CorNet-R_5,Pert,bear,turtle,0.5
CorNet-R_5,Pert,bicycle,chair,0.5
CorNet-R_5,Pert,bicycle,flower,0.75
CorNet-R_5,Pert,bicycle,fork,0.8
CorNet-R_5,Pert,bicycle,guitar,0.8
CorNet-R_5,Pert,bicycle,key,0.95
CorNet-R_5,Pert,bicycle,kite,0.8
CorNet-R_5,Pert,bicycle,lamp,0.55
CorNet-R_5,Pert,bicycle,leaf,0.95
CorNet-R_5,Pert,bicycle,spoon,0.8
CorNet-R_5,Pert,bicycle,tree,0.6
CorNet-R_5,Pert,bicycle,truck,0.5
CorNet-R_5,Pert,bicycle,umbrella,0.5
CorNet-R_5,Pert,bird,butterfly,0.75
CorNet-R_5,Pert,bird,cat,0.5
CorNet-R_5,Pert,bird,cow,0.5
CorNet-R_5,Pert,bird,dog,0.5
CorNet-R_5,Pert,bird,duck,0.5
CorNet-R_5,Pert,bird,elephant,0.6
CorNet-R_5,Pert,bird,fish,0.55
CorNet-R_5,Pert,bird,foot,0.6
CorNet-R_5,Pert,bird,frog,0.6
CorNet-R_5,Pert,bird,hand,0.75
CorNet-R_5,Pert,bird,rabbit,0.6
CorNet-R_5,Pert,bird,squirrel,0.5
CorNet-R_5,Pert,bird,turtle,0.6
CorNet-R_5,Pert,butterfly,cat,0.75
CorNet-R_5,Pert,butterfly,cow,0.8
CorNet-R_5,Pert,butterfly,dog,0.6
CorNet-R_5,Pert,butterfly,duck,0.9
CorNet-R_5,Pert,butterfly,elephant,0.8
CorNet-R_5,Pert,butterfly,fish,0.5
CorNet-R_5,Pert,butterfly,foot,0.75
CorNet-R_5,Pert,butterfly,frog,0.75
CorNet-R_5,Pert,butterfly,hand,0.55
CorNet-R_5,Pert,butterfly,rabbit,0.9
CorNet-R_5,Pert,butterfly,squirrel,0.65
CorNet-R_5,Pert,butterfly,turtle,0.65
CorNet-R_5,Pert,cat,cow,0.65
CorNet-R_5,Pert,cat,dog,0.6
CorNet-R_5,Pert,cat,duck,0.65
CorNet-R_5,Pert,cat,elephant,0.7
CorNet-R_5,Pert,cat,fish,0.5
CorNet-R_5,Pert,cat,foot,0.5
CorNet-R_5,Pert,cat,frog,0.5
CorNet-R_5,Pert,cat,hand,0.55
CorNet-R_5,Pert,cat,rabbit,0.6
CorNet-R_5,Pert,cat,squirrel,0.45
CorNet-R_5,Pert,cat,turtle,0.55
CorNet-R_5,Pert,chair,flower,0.6
CorNet-R_5,Pert,chair,fork,0.5
CorNet-R_5,Pert,chair,guitar,0.5
CorNet-R_5,Pert,chair,key,0.5
CorNet-R_5,Pert,chair,kite,0.5
CorNet-R_5,Pert,chair,lamp,0.5
CorNet-R_5,Pert,chair,leaf,1.0
CorNet-R_5,Pert,chair,spoon,0.7
CorNet-R_5,Pert,chair,tree,0.6
CorNet-R_5,Pert,chair,truck,0.5
CorNet-R_5,Pert,chair,umbrella,0.6
CorNet-R_5,Pert,cow,dog,0.45
CorNet-R_5,Pert,cow,duck,0.75
CorNet-R_5,Pert,cow,elephant,0.65
CorNet-R_5,Pert,cow,fish,0.55
CorNet-R_5,Pert,cow,foot,0.55
CorNet-R_5,Pert,cow,frog,0.7
CorNet-R_5,Pert,cow,hand,0.5
CorNet-R_5,Pert,cow,rabbit,0.7
CorNet-R_5,Pert,cow,squirrel,0.45
CorNet-R_5,Pert,cow,turtle,0.65
CorNet-R_5,Pert,dog,duck,0.6
CorNet-R_5,Pert,dog,elephant,0.55
CorNet-R_5,Pert,dog,fish,0.5
CorNet-R_5,Pert,dog,foot,0.5
CorNet-R_5,Pert,dog,frog,0.5
CorNet-R_5,Pert,dog,hand,0.5
CorNet-R_5,Pert,dog,rabbit,0.65
CorNet-R_5,Pert,dog,squirrel,0.6
CorNet-R_5,Pert,dog,turtle,0.8
CorNet-R_5,Pert,duck,elephant,0.8
CorNet-R_5,Pert,duck,fish,0.5
CorNet-R_5,Pert,duck,foot,0.65
CorNet-R_5,Pert,duck,frog,0.75
CorNet-R_5,Pert,duck,hand,0.5
CorNet-R_5,Pert,duck,rabbit,0.65
CorNet-R_5,Pert,duck,squirrel,0.6
CorNet-R_5,Pert,duck,turtle,0.7
CorNet-R_5,Pert,elephant,fish,0.5
CorNet-R_5,Pert,elephant,foot,0.6
CorNet-R_5,Pert,elephant,frog,0.7
CorNet-R_5,Pert,elephant,hand,0.5
CorNet-R_5,Pert,elephant,rabbit,0.7
CorNet-R_5,Pert,elephant,squirrel,0.55
CorNet-R_5,Pert,elephant,turtle,0.55
CorNet-R_5,Pert,fish,foot,0.5
CorNet-R_5,Pert,fish,frog,0.5
CorNet-R_5,Pert,fish,hand,0.65
CorNet-R_5,Pert,fish,rabbit,0.55
CorNet-R_5,Pert,fish,squirrel,0.5
CorNet-R_5,Pert,fish,turtle,0.5
CorNet-R_5,Pert,flower,fork,0.95
CorNet-R_5,Pert,flower,guitar,0.6
CorNet-R_5,Pert,flower,key,0.7
CorNet-R_5,Pert,flower,kite,0.85
CorNet-R_5,Pert,flower,lamp,0.65
CorNet-R_5,Pert,flower,leaf,0.5
CorNet-R_5,Pert,flower,spoon,0.9
CorNet-R_5,Pert,flower,tree,0.55
CorNet-R_5,Pert,flower,truck,0.5
CorNet-R_5,Pert,flower,umbrella,0.5
CorNet-R_5,Pert,foot,frog,0.5
CorNet-R_5,Pert,foot,hand,0.55
CorNet-R_5,Pert,foot,rabbit,0.65
CorNet-R_5,Pert,foot,squirrel,0.55
CorNet-R_5,Pert,foot,turtle,0.55
CorNet-R_5,Pert,fork,guitar,0.4
CorNet-R_5,Pert,fork,key,0.6
CorNet-R_5,Pert,fork,kite,0.55
CorNet-R_5,Pert,fork,lamp,0.7
CorNet-R_5,Pert,fork,leaf,0.9
CorNet-R_5,Pert,fork,spoon,0.65
CorNet-R_5,Pert,fork,tree,0.85
CorNet-R_5,Pert,fork,truck,0.5
CorNet-R_5,Pert,fork,umbrella,0.65
CorNet-R_5,Pert,frog,hand,0.5
CorNet-R_5,Pert,frog,rabbit,0.5
CorNet-R_5,Pert,frog,squirrel,0.5
CorNet-R_5,Pert,frog,turtle,0.6
CorNet-R_5,Pert,hand,rabbit,0.65
CorNet-R_5,Pert,hand,squirrel,0.5
CorNet-R_5,Pert,hand,turtle,0.5
CorNet-R_5,Pert,guitar,key,0.55
CorNet-R_5,Pert,guitar,kite,0.7
CorNet-R_5,Pert,guitar,lamp,0.65
CorNet-R_5,Pert,guitar,leaf,0.5
CorNet-R_5,Pert,guitar,spoon,0.6
CorNet-R_5,Pert,guitar,tree,0.9
CorNet-R_5,Pert,guitar,truck,0.5
CorNet-R_5,Pert,guitar,umbrella,0.8
CorNet-R_5,Pert,key,kite,0.5
CorNet-R_5,Pert,key,lamp,0.5
CorNet-R_5,Pert,key,leaf,0.5
CorNet-R_5,Pert,key,spoon,0.75
CorNet-R_5,Pert,key,tree,0.6
CorNet-R_5,Pert,key,truck,0.5
CorNet-R_5,Pert,key,umbrella,0.7
CorNet-R_5,Pert,kite,lamp,0.55
CorNet-R_5,Pert,kite,leaf,0.7
CorNet-R_5,Pert,kite,spoon,0.6
CorNet-R_5,Pert,kite,tree,0.7
CorNet-R_5,Pert,kite,truck,0.5
CorNet-R_5,Pert,kite,umbrella,0.5
CorNet-R_5,Pert,lamp,leaf,0.55
CorNet-R_5,Pert,lamp,spoon,0.7
CorNet-R_5,Pert,lamp,tree,0.55
CorNet-R_5,Pert,lamp,truck,0.5
CorNet-R_5,Pert,lamp,umbrella,0.55
CorNet-R_5,Pert,leaf,spoon,1.0
CorNet-R_5,Pert,leaf,tree,0.6
CorNet-R_5,Pert,leaf,truck,0.5
CorNet-R_5,Pert,leaf,umbrella,0.5
CorNet-R_5,Pert,rabbit,squirrel,0.45
CorNet-R_5,Pert,rabbit,turtle,0.55
CorNet-R_5,Pert,spoon,tree,0.85
CorNet-R_5,Pert,spoon,truck,0.5
CorNet-R_5,Pert,spoon,umbrella,0.6
CorNet-R_5,Pert,squirrel,turtle,0.55
CorNet-R_5,Pert,tree,truck,0.5
CorNet-R_5,Pert,tree,umbrella,0.55
CorNet-R_5,Pert,truck,umbrella,0.5
FF_IN,Pert,airplane,apple,0.95
FF_IN,Pert,airplane,bicycle,0.85
FF_IN,Pert,airplane,chair,0.55
FF_IN,Pert,airplane,flower,0.65
FF_IN,Pert,airplane,fork,0.6
FF_IN,Pert,airplane,guitar,0.6
FF_IN,Pert,airplane,key,0.85
FF_IN,Pert,airplane,kite,0.6
FF_IN,Pert,airplane,lamp,0.9
FF_IN,Pert,airplane,leaf,0.75
FF_IN,Pert,airplane,spoon,0.8
FF_IN,Pert,airplane,tree,0.6
FF_IN,Pert,airplane,truck,0.5
FF_IN,Pert,airplane,umbrella,0.75
FF_IN,Pert,apple,bicycle,0.6
FF_IN,Pert,apple,chair,0.75
FF_IN,Pert,apple,flower,0.65
FF_IN,Pert,apple,fork,0.95
FF_IN,Pert,apple,guitar,0.7
FF_IN,Pert,apple,key,0.85
FF_IN,Pert,apple,kite,0.8
FF_IN,Pert,apple,lamp,0.55
FF_IN,Pert,apple,leaf,0.7
FF_IN,Pert,apple,spoon,0.8
FF_IN,Pert,apple,tree,0.55
FF_IN,Pert,apple,truck,0.5
FF_IN,Pert,apple,umbrella,0.5
FF_IN,Pert,bear,bird,0.55
FF_IN,Pert,bear,butterfly,0.55
FF_IN,Pert,bear,cat,0.55
FF_IN,Pert,bear,cow,0.6
FF_IN,Pert,bear,dog,0.5
FF_IN,Pert,bear,duck,0.6
FF_IN,Pert,bear,elephant,0.5
FF_IN,Pert,bear,fish,0.5
FF_IN,Pert,bear,foot,0.55
FF_IN,Pert,bear,frog,0.5
FF_IN,Pert,bear,hand,0.55
FF_IN,Pert,bear,rabbit,0.5
FF_IN,Pert,bear,squirrel,0.5
FF_IN,Pert,bear,turtle,0.5
FF_IN,Pert,bicycle,chair,0.5
FF_IN,Pert,bicycle,flower,0.7
FF_IN,Pert,bicycle,fork,0.95
FF_IN,Pert,bicycle,guitar,0.65
FF_IN,Pert,bicycle,key,1.0
FF_IN,Pert,bicycle,kite,0.8
FF_IN,Pert,bicycle,lamp,0.65
FF_IN,Pert,bicycle,leaf,0.65
FF_IN,Pert,bicycle,spoon,1.0
FF_IN,Pert,bicycle,tree,0.75
FF_IN,Pert,bicycle,truck,0.5
FF_IN,Pert,bicycle,umbrella,0.5
FF_IN,Pert,bird,butterfly,0.5
FF_IN,Pert,bird,cat,0.7
FF_IN,Pert,bird,cow,0.5
FF_IN,Pert,bird,dog,0.55
FF_IN,Pert,bird,duck,0.5
FF_IN,Pert,bird,elephant,0.6
FF_IN,Pert,bird,fish,0.6
FF_IN,Pert,bird,foot,0.6
FF_IN,Pert,bird,frog,0.65
FF_IN,Pert,bird,hand,0.65
FF_IN,Pert,bird,rabbit,0.65
FF_IN,Pert,bird,squirrel,0.6
FF_IN,Pert,bird,turtle,0.5
FF_IN,Pert,butterfly,cat,0.6
FF_IN,Pert,butterfly,cow,0.5
FF_IN,Pert,butterfly,dog,0.55
FF_IN,Pert,butterfly,duck,0.65
FF_IN,Pert,butterfly,elephant,0.55
FF_IN,Pert,butterfly,fish,0.55
FF_IN,Pert,butterfly,foot,0.5
FF_IN,Pert,butterfly,frog,0.65
FF_IN,Pert,butterfly,hand,0.5
FF_IN,Pert,butterfly,rabbit,0.7
FF_IN,Pert,butterfly,squirrel,0.55
FF_IN,Pert,butterfly,turtle,0.55
FF_IN,Pert,cat,cow,0.7
FF_IN,Pert,cat,dog,0.5
FF_IN,Pert,cat,duck,0.7
FF_IN,Pert,cat,elephant,0.75
FF_IN,Pert,cat,fish,0.5
FF_IN,Pert,cat,foot,0.55
FF_IN,Pert,cat,frog,0.6
FF_IN,Pert,cat,hand,0.5
FF_IN,Pert,cat,rabbit,0.5
FF_IN,Pert,cat,squirrel,0.55
FF_IN,Pert,cat,turtle,0.6
FF_IN,Pert,chair,flower,0.4
FF_IN,Pert,chair,fork,0.6
FF_IN,Pert,chair,guitar,0.5
FF_IN,Pert,chair,key,0.5
FF_IN,Pert,chair,kite,0.5
FF_IN,Pert,chair,lamp,0.5
FF_IN,Pert,chair,leaf,0.85
FF_IN,Pert,chair,spoon,0.55
FF_IN,Pert,chair,tree,0.5
FF_IN,Pert,chair,truck,0.45
FF_IN,Pert,chair,umbrella,0.65
FF_IN,Pert,cow,dog,0.5
FF_IN,Pert,cow,duck,0.7
FF_IN,Pert,cow,elephant,0.55
FF_IN,Pert,cow,fish,0.5
FF_IN,Pert,cow,foot,0.5
FF_IN,Pert,cow,frog,0.5
FF_IN,Pert,cow,hand,0.55
FF_IN,Pert,cow,rabbit,0.55
FF_IN,Pert,cow,squirrel,0.4
FF_IN,Pert,cow,turtle,0.55
FF_IN,Pert,dog,duck,0.55
FF_IN,Pert,dog,elephant,0.8
FF_IN,Pert,dog,fish,0.5
FF_IN,Pert,dog,foot,0.6
FF_IN,Pert,dog,frog,0.55
FF_IN,Pert,dog,hand,0.5
FF_IN,Pert,dog,rabbit,0.6
FF_IN,Pert,dog,squirrel,0.5
FF_IN,Pert,dog,turtle,0.6
FF_IN,Pert,duck,elephant,0.9
FF_IN,Pert,duck,fish,0.5
FF_IN,Pert,duck,foot,0.7
FF_IN,Pert,duck,frog,0.55
FF_IN,Pert,duck,hand,0.5
FF_IN,Pert,duck,rabbit,0.55
FF_IN,Pert,duck,squirrel,0.5
FF_IN,Pert,duck,turtle,0.5
FF_IN,Pert,elephant,fish,0.6
FF_IN,Pert,elephant,foot,0.75
FF_IN,Pert,elephant,frog,0.55
FF_IN,Pert,elephant,hand,0.65
FF_IN,Pert,elephant,rabbit,0.6
FF_IN,Pert,elephant,squirrel,0.5
FF_IN,Pert,elephant,turtle,0.35
FF_IN,Pert,fish,foot,0.5
FF_IN,Pert,fish,frog,0.5
FF_IN,Pert,fish,hand,0.5
FF_IN,Pert,fish,rabbit,0.55
FF_IN,Pert,fish,squirrel,0.5
FF_IN,Pert,fish,turtle,0.55
FF_IN,Pert,flower,fork,0.75
FF_IN,Pert,flower,guitar,0.55
FF_IN,Pert,flower,key,0.45
FF_IN,Pert,flower,kite,0.6
FF_IN,Pert,flower,lamp,0.5
FF_IN,Pert,flower,leaf,0.5
FF_IN,Pert,flower,spoon,0.7
FF_IN,Pert,flower,tree,0.5
FF_IN,Pert,flower,truck,0.5
FF_IN,Pert,flower,umbrella,0.5
FF_IN,Pert,foot,frog,0.4
FF_IN,Pert,foot,hand,0.55
FF_IN,Pert,foot,rabbit,0.55
FF_IN,Pert,foot,squirrel,0.5
FF_IN,Pert,foot,turtle,0.5
FF_IN,Pert,fork,guitar,0.65
FF_IN,Pert,fork,key,0.5
FF_IN,Pert,fork,kite,0.55
FF_IN,Pert,fork,lamp,0.75
FF_IN,Pert,fork,leaf,0.75
FF_IN,Pert,fork,spoon,0.6
FF_IN,Pert,fork,tree,0.65
FF_IN,Pert,fork,truck,0.5
FF_IN,Pert,fork,umbrella,0.65
FF_IN,Pert,frog,hand,0.45
FF_IN,Pert,frog,rabbit,0.45
FF_IN,Pert,frog,squirrel,0.45
FF_IN,Pert,frog,turtle,0.5
FF_IN,Pert,hand,rabbit,0.5
FF_IN,Pert,hand,squirrel,0.5
FF_IN,Pert,hand,turtle,0.45
FF_IN,Pert,guitar,key,0.55
FF_IN,Pert,guitar,kite,0.65
FF_IN,Pert,guitar,lamp,0.65
FF_IN,Pert,guitar,leaf,0.8
FF_IN,Pert,guitar,spoon,0.5
FF_IN,Pert,guitar,tree,0.65
FF_IN,Pert,guitar,truck,0.5
FF_IN,Pert,guitar,umbrella,0.6
FF_IN,Pert,key,kite,0.5
FF_IN,Pert,key,lamp,0.5
FF_IN,Pert,key,leaf,0.65
FF_IN,Pert,key,spoon,0.4
FF_IN,Pert,key,tree,0.25
FF_IN,Pert,key,truck,0.5
FF_IN,Pert,key,umbrella,0.65
FF_IN,Pert,kite,lamp,0.75
FF_IN,Pert,kite,leaf,0.7
FF_IN,Pert,kite,spoon,0.6
FF_IN,Pert,kite,tree,0.85
FF_IN,Pert,kite,truck,0.5
FF_IN,Pert,kite,umbrella,0.6
FF_IN,Pert,lamp,leaf,0.6
FF_IN,Pert,lamp,spoon,0.7
FF_IN,Pert,lamp,tree,0.5
FF_IN,Pert,lamp,truck,0.5
FF_IN,Pert,lamp,umbrella,0.55
FF_IN,Pert,leaf,spoon,0.9
FF_IN,Pert,leaf,tree,0.45
FF_IN,Pert,leaf,truck,0.5
FF_IN,Pert,leaf,umbrella,0.65
FF_IN,Pert,rabbit,squirrel,0.55
FF_IN,Pert,rabbit,turtle,0.45
FF_IN,Pert,spoon,tree,0.8
FF_IN,Pert,spoon,truck,0.55
FF_IN,Pert,spoon,umbrella,0.6
FF_IN,Pert,squirrel,turtle,0.45
FF_IN,Pert,tree,truck,0.5
FF_IN,Pert,tree,umbrella,0.6
FF_IN,Pert,truck,umbrella,0.55
R_IN,Pert,airplane,apple,0.65
R_IN,Pert,airplane,bicycle,0.7
R_IN,Pert,airplane,chair,0.75
R_IN,Pert,airplane,flower,0.75
R_IN,Pert,airplane,fork,0.45
R_IN,Pert,airplane,guitar,0.7
R_IN,Pert,airplane,key,0.85
R_IN,Pert,airplane,kite,0.5
R_IN,Pert,airplane,lamp,0.85
R_IN,Pert,airplane,leaf,0.55
R_IN,Pert,airplane,spoon,0.6
R_IN,Pert,airplane,tree,0.65
R_IN,Pert,airplane,truck,0.55
R_IN,Pert,airplane,umbrella,0.7
R_IN,Pert,apple,bicycle,0.45
R_IN,Pert,apple,chair,0.45
R_IN,Pert,apple,flower,0.6
R_IN,Pert,apple,fork,0.5
R_IN,Pert,apple,guitar,0.5
R_IN,Pert,apple,key,0.45
R_IN,Pert,apple,kite,0.5
R_IN,Pert,apple,lamp,0.45
R_IN,Pert,apple,leaf,0.7
R_IN,Pert,apple,spoon,0.55
R_IN,Pert,apple,tree,0.5
R_IN,Pert,apple,truck,0.55
R_IN,Pert,apple,umbrella,0.5
R_IN,Pert,bear,bird,0.65
R_IN,Pert,bear,butterfly,0.7
R_IN,Pert,bear,cat,0.55
R_IN,Pert,bear,cow,0.6
R_IN,Pert,bear,dog,0.55
R_IN,Pert,bear,duck,0.65
R_IN,Pert,bear,elephant,0.6
R_IN,Pert,bear,fish,0.5
R_IN,Pert,bear,foot,0.75
R_IN,Pert,bear,frog,0.5
R_IN,Pert,bear,hand,0.6
R_IN,Pert,bear,rabbit,0.55
R_IN,Pert,bear,squirrel,0.5
R_IN,Pert,bear,turtle,0.55
R_IN,Pert,bicycle,chair,0.5
R_IN,Pert,bicycle,flower,0.8
R_IN,Pert,bicycle,fork,0.65
R_IN,Pert,bicycle,guitar,0.6
R_IN,Pert,bicycle,key,1.0
R_IN,Pert,bicycle,kite,0.9
R_IN,Pert,bicycle,lamp,0.55
R_IN,Pert,bicycle,leaf,0.65
R_IN,Pert,bicycle,spoon,0.55
R_IN,Pert,bicycle,tree,0.6
R_IN,Pert,bicycle,truck,0.5
R_IN,Pert,bicycle,umbrella,0.5
R_IN,Pert,bird,butterfly,0.8
R_IN,Pert,bird,cat,0.5
R_IN,Pert,bird,cow,0.5
R_IN,Pert,bird,dog,0.5
R_IN,Pert,bird,duck,0.55
R_IN,Pert,bird,elephant,0.9
R_IN,Pert,bird,fish,0.5
R_IN,Pert,bird,foot,0.9
R_IN,Pert,bird,frog,0.5
R_IN,Pert,bird,hand,0.55
R_IN,Pert,bird,rabbit,0.65
R_IN,Pert,bird,squirrel,0.5
R_IN,Pert,bird,turtle,0.5
R_IN,Pert,butterfly,cat,0.65
R_IN,Pert,butterfly,cow,0.8
R_IN,Pert,butterfly,dog,0.55
R_IN,Pert,butterfly,duck,0.7
R_IN,Pert,butterfly,elephant,0.75
R_IN,Pert,butterfly,fish,0.8
R_IN,Pert,butterfly,foot,0.65
R_IN,Pert,butterfly,frog,0.55
R_IN,Pert,butterfly,hand,0.6
R_IN,Pert,butterfly,rabbit,0.65
R_IN,Pert,butterfly,squirrel,0.55
R_IN,Pert,butterfly,turtle,0.55
R_IN,Pert,cat,cow,0.65
R_IN,Pert,cat,dog,0.5
R_IN,Pert,cat,duck,0.65
R_IN,Pert,cat,elephant,0.5
R_IN,Pert,cat,fish,0.55
R_IN,Pert,cat,foot,0.5
R_IN,Pert,cat,frog,0.5
R_IN,Pert,cat,hand,0.5
R_IN,Pert,cat,rabbit,0.65
R_IN,Pert,cat,squirrel,0.5
R_IN,Pert,cat,turtle,0.6
R_IN,Pert,chair,flower,0.75
R_IN,Pert,chair,fork,0.6
R_IN,Pert,chair,guitar,0.6
R_IN,Pert,chair,key,0.5
R_IN,Pert,chair,kite,0.5
R_IN,Pert,chair,lamp,0.5
R_IN,Pert,chair,leaf,0.85
R_IN,Pert,chair,spoon,0.75
R_IN,Pert,chair,tree,0.45
R_IN,Pert,chair,truck,0.5
R_IN,Pert,chair,umbrella,0.65
R_IN,Pert,cow,dog,0.55
R_IN,Pert,cow,duck,0.65
R_IN,Pert,cow,elephant,0.45
R_IN,Pert,cow,fish,0.5
R_IN,Pert,cow,foot,0.5
R_IN,Pert,cow,frog,0.5
R_IN,Pert,cow,hand,0.5
R_IN,Pert,cow,rabbit,0.65
R_IN,Pert,cow,squirrel,0.55
R_IN,Pert,cow,turtle,0.55
R_IN,Pert,dog,duck,0.5
R_IN,Pert,dog,elephant,0.5
R_IN,Pert,dog,fish,0.5
R_IN,Pert,dog,foot,0.5
R_IN,Pert,dog,frog,0.4
R_IN,Pert,dog,hand,0.5
R_IN,Pert,dog,rabbit,0.6
R_IN,Pert,dog,squirrel,0.45
R_IN,Pert,dog,turtle,0.45
R_IN,Pert,duck,elephant,0.7
R_IN,Pert,duck,fish,0.6
R_IN,Pert,duck,foot,0.6
R_IN,Pert,duck,frog,0.45
R_IN,Pert,duck,hand,0.5
R_IN,Pert,duck,rabbit,0.7
R_IN,Pert,duck,squirrel,0.5
R_IN,Pert,duck,turtle,0.6
R_IN,Pert,elephant,fish,0.6
R_IN,Pert,elephant,foot,0.5
R_IN,Pert,elephant,frog,0.5
R_IN,Pert,elephant,hand,0.6
R_IN,Pert,elephant,rabbit,0.7
R_IN,Pert,elephant,squirrel,0.5
R_IN,Pert,elephant,turtle,0.5
R_IN,Pert,fish,foot,0.5
R_IN,Pert,fish,frog,0.5
R_IN,Pert,fish,hand,0.5
R_IN,Pert,fish,rabbit,0.75
R_IN,Pert,fish,squirrel,0.5
R_IN,Pert,fish,turtle,0.5
R_IN,Pert,flower,fork,0.55
R_IN,Pert,flower,guitar,0.65
R_IN,Pert,flower,key,0.7
R_IN,Pert,flower,kite,0.5
R_IN,Pert,flower,lamp,0.95
R_IN,Pert,flower,leaf,0.5
R_IN,Pert,flower,spoon,0.8
R_IN,Pert,flower,tree,0.5
R_IN,Pert,flower,truck,0.55
R_IN,Pert,flower,umbrella,0.5
R_IN,Pert,foot,frog,0.5
R_IN,Pert,foot,hand,0.6
R_IN,Pert,foot,rabbit,0.65
R_IN,Pert,foot,squirrel,0.5
R_IN,Pert,foot,turtle,0.5
R_IN,Pert,fork,guitar,0.5
R_IN,Pert,fork,key,0.7
R_IN,Pert,fork,kite,0.5
R_IN,Pert,fork,lamp,0.55
R_IN,Pert,fork,leaf,0.9
R_IN,Pert,fork,spoon,0.6
R_IN,Pert,fork,tree,0.35
R_IN,Pert,fork,truck,0.5
R_IN,Pert,fork,umbrella,0.45
R_IN,Pert,frog,hand,0.5
R_IN,Pert,frog,rabbit,0.5
R_IN,Pert,frog,squirrel,0.5
R_IN,Pert,frog,turtle,0.5
R_IN,Pert,hand,rabbit,0.75
R_IN,Pert,hand,squirrel,0.5
R_IN,Pert,hand,turtle,0.5
R_IN,Pert,guitar,key,0.4
R_IN,Pert,guitar,kite,0.6
R_IN,Pert,guitar,lamp,0.45
R_IN,Pert,guitar,leaf,0.75
R_IN,Pert,guitar,spoon,0.55
R_IN,Pert,guitar,tree,0.5
R_IN,Pert,guitar,truck,0.5
R_IN,Pert,guitar,umbrella,0.6
R_IN,Pert,key,kite,0.5
R_IN,Pert,key,lamp,0.5
R_IN,Pert,key,leaf,1.0
R_IN,Pert,key,spoon,0.5
R_IN,Pert,key,tree,0.35
R_IN,Pert,key,truck,0.5
R_IN,Pert,key,umbrella,0.6
R_IN,Pert,kite,lamp,0.5
R_IN,Pert,kite,leaf,0.5
R_IN,Pert,kite,spoon,0.7
R_IN,Pert,kite,tree,0.5
R_IN,Pert,kite,truck,0.5
R_IN,Pert,kite,umbrella,0.5
R_IN,Pert,lamp,leaf,0.95
R_IN,Pert,lamp,spoon,0.5
R_IN,Pert,lamp,tree,0.6
R_IN,Pert,lamp,truck,0.55
R_IN,Pert,lamp,umbrella,0.5
R_IN,Pert,leaf,spoon,1.0
R_IN,Pert,leaf,tree,0.5
R_IN,Pert,leaf,truck,0.6
R_IN,Pert,leaf,umbrella,0.7
R_IN,Pert,rabbit,squirrel,0.5
R_IN,Pert,rabbit,turtle,0.55
R_IN,Pert,spoon,tree,0.5
R_IN,Pert,spoon,truck,0.5
R_IN,Pert,spoon,umbrella,0.5
R_IN,Pert,squirrel,turtle,0.55
R_IN,Pert,tree,truck,0.5
R_IN,Pert,tree,umbrella,0.5
R_IN,Pert,truck,umbrella,0.5
FF_SN,Pert,airplane,apple,1.0
FF_SN,Pert,airplane,bicycle,0.9
FF_SN,Pert,airplane,chair,0.55
FF_SN,Pert,airplane,flower,0.7
FF_SN,Pert,airplane,fork,0.6
FF_SN,Pert,airplane,guitar,0.75
FF_SN,Pert,airplane,key,0.95
FF_SN,Pert,airplane,kite,0.6
FF_SN,Pert,airplane,lamp,0.9
FF_SN,Pert,airplane,leaf,0.55
FF_SN,Pert,airplane,spoon,0.75
FF_SN,Pert,airplane,tree,0.65
FF_SN,Pert,airplane,truck,0.5
FF_SN,Pert,airplane,umbrella,0.75
FF_SN,Pert,apple,bicycle,0.65
FF_SN,Pert,apple,chair,0.75
FF_SN,Pert,apple,flower,0.7
FF_SN,Pert,apple,fork,1.0
FF_SN,Pert,apple,guitar,0.8
FF_SN,Pert,apple,key,0.9
FF_SN,Pert,apple,kite,0.65
FF_SN,Pert,apple,lamp,0.7
FF_SN,Pert,apple,leaf,0.5
FF_SN,Pert,apple,spoon,1.0
FF_SN,Pert,apple,tree,0.6
FF_SN,Pert,apple,truck,0.65
FF_SN,Pert,apple,umbrella,0.65
FF_SN,Pert,bear,bird,0.5
FF_SN,Pert,bear,butterfly,0.75
FF_SN,Pert,bear,cat,0.75
FF_SN,Pert,bear,cow,0.9
FF_SN,Pert,bear,dog,0.8
FF_SN,Pert,bear,duck,0.7
FF_SN,Pert,bear,elephant,0.75
FF_SN,Pert,bear,fish,0.55
FF_SN,Pert,bear,foot,0.6
FF_SN,Pert,bear,frog,0.65
FF_SN,Pert,bear,hand,0.5
FF_SN,Pert,bear,rabbit,0.6
FF_SN,Pert,bear,squirrel,0.6
FF_SN,Pert,bear,turtle,0.75
FF_SN,Pert,bicycle,chair,0.6
FF_SN,Pert,bicycle,flower,0.6
FF_SN,Pert,bicycle,fork,0.9
FF_SN,Pert,bicycle,guitar,0.6
FF_SN,Pert,bicycle,key,1.0
FF_SN,Pert,bicycle,kite,1.0
FF_SN,Pert,bicycle,lamp,0.7
FF_SN,Pert,bicycle,leaf,0.5
FF_SN,Pert,bicycle,spoon,0.9
FF_SN,Pert,bicycle,tree,0.55
FF_SN,Pert,bicycle,truck,0.5
FF_SN,Pert,bicycle,umbrella,0.6
FF_SN,Pert,bird,butterfly,0.65
FF_SN,Pert,bird,cat,0.5
FF_SN,Pert,bird,cow,0.55
FF_SN,Pert,bird,dog,0.5
FF_SN,Pert,bird,duck,0.55
FF_SN,Pert,bird,elephant,0.95
FF_SN,Pert,bird,fish,0.6
FF_SN,Pert,bird,foot,0.9
FF_SN,Pert,bird,frog,0.5
FF_SN,Pert,bird,hand,0.8
FF_SN,Pert,bird,rabbit,0.65
FF_SN,Pert,bird,squirrel,0.5
FF_SN,Pert,bird,turtle,0.5
FF_SN,Pert,butterfly,cat,0.65
FF_SN,Pert,butterfly,cow,0.7
FF_SN,Pert,butterfly,dog,0.65
FF_SN,Pert,butterfly,duck,0.7
FF_SN,Pert,butterfly,elephant,0.9
FF_SN,Pert,butterfly,fish,0.5
FF_SN,Pert,butterfly,foot,0.55
FF_SN,Pert,butterfly,frog,0.7
FF_SN,Pert,butterfly,hand,0.4
FF_SN,Pert,butterfly,rabbit,0.65
FF_SN,Pert,butterfly,squirrel,0.55
FF_SN,Pert,butterfly,turtle,0.6
FF_SN,Pert,cat,cow,0.8
FF_SN,Pert,cat,dog,0.45
FF_SN,Pert,cat,duck,0.5
FF_SN,Pert,cat,elephant,0.75
FF_SN,Pert,cat,fish,0.5
FF_SN,Pert,cat,foot,0.5
FF_SN,Pert,cat,frog,0.55
FF_SN,Pert,cat,hand,0.5
FF_SN,Pert,cat,rabbit,0.5
FF_SN,Pert,cat,squirrel,0.5
FF_SN,Pert,cat,turtle,0.75
FF_SN,Pert,chair,flower,0.55
FF_SN,Pert,chair,fork,0.6
FF_SN,Pert,chair,guitar,0.5
FF_SN,Pert,chair,key,0.75
FF_SN,Pert,chair,kite,0.5
FF_SN,Pert,chair,lamp,0.5
FF_SN,Pert,chair,leaf,0.7
FF_SN,Pert,chair,spoon,0.55
FF_SN,Pert,chair,tree,0.6
FF_SN,Pert,chair,truck,0.5
FF_SN,Pert,chair,umbrella,0.65
FF_SN,Pert,cow,dog,0.45
FF_SN,Pert,cow,duck,0.8
FF_SN,Pert,cow,elephant,0.95
FF_SN,Pert,cow,fish,0.8
FF_SN,Pert,cow,foot,0.65
FF_SN,Pert,cow,frog,0.9
FF_SN,Pert,cow,hand,0.7
FF_SN,Pert,cow,rabbit,0.7
FF_SN,Pert,cow,squirrel,0.55
FF_SN,Pert,cow,turtle,0.75
FF_SN,Pert,dog,duck,0.6
FF_SN,Pert,dog,elephant,0.8
FF_SN,Pert,dog,fish,0.6
FF_SN,Pert,dog,foot,0.55
FF_SN,Pert,dog,frog,0.35
FF_SN,Pert,dog,hand,0.5
FF_SN,Pert,dog,rabbit,0.75
FF_SN,Pert,dog,squirrel,0.5
FF_SN,Pert,dog,turtle,0.75
FF_SN,Pert,duck,elephant,0.9
FF_SN,Pert,duck,fish,0.75
FF_SN,Pert,duck,foot,0.7
FF_SN,Pert,duck,frog,0.45
FF_SN,Pert,duck,hand,0.7
FF_SN,Pert,duck,rabbit,0.55
FF_SN,Pert,duck,squirrel,0.5
FF_SN,Pert,duck,turtle,0.5
FF_SN,Pert,elephant,fish,0.9
FF_SN,Pert,elephant,foot,0.9
FF_SN,Pert,elephant,frog,0.85
FF_SN,Pert,elephant,hand,1.0
FF_SN,Pert,elephant,rabbit,0.7
FF_SN,Pert,elephant,squirrel,0.65
FF_SN,Pert,elephant,turtle,0.55
FF_SN,Pert,fish,foot,0.6
FF_SN,Pert,fish,frog,0.55
FF_SN,Pert,fish,hand,0.6
FF_SN,Pert,fish,rabbit,0.55
FF_SN,Pert,fish,squirrel,0.5
FF_SN,Pert,fish,turtle,0.5
FF_SN,Pert,flower,fork,0.85
FF_SN,Pert,flower,guitar,0.75
FF_SN,Pert,flower,key,1.0
FF_SN,Pert,flower,kite,0.55
FF_SN,Pert,flower,lamp,0.4
FF_SN,Pert,flower,leaf,0.5
FF_SN,Pert,flower,spoon,0.85
FF_SN,Pert,flower,tree,0.15
FF_SN,Pert,flower,truck,0.45
FF_SN,Pert,flower,umbrella,0.6
FF_SN,Pert,foot,frog,0.5
FF_SN,Pert,foot,hand,0.6
FF_SN,Pert,foot,rabbit,0.6
FF_SN,Pert,foot,squirrel,0.5
FF_SN,Pert,foot,turtle,0.55
FF_SN,Pert,fork,guitar,0.55
FF_SN,Pert,fork,key,0.9
FF_SN,Pert,fork,kite,0.5
FF_SN,Pert,fork,lamp,0.95
FF_SN,Pert,fork,leaf,0.5
FF_SN,Pert,fork,spoon,0.55
FF_SN,Pert,fork,tree,0.75
FF_SN,Pert,fork,truck,0.5
FF_SN,Pert,fork,umbrella,0.65
FF_SN,Pert,frog,hand,0.6
FF_SN,Pert,frog,rabbit,0.5
FF_SN,Pert,frog,squirrel,0.4
FF_SN,Pert,frog,turtle,0.55
FF_SN,Pert,hand,rabbit,0.55
FF_SN,Pert,hand,squirrel,0.5
FF_SN,Pert,hand,turtle,0.55
FF_SN,Pert,guitar,key,0.7
FF_SN,Pert,guitar,kite,0.6
FF_SN,Pert,guitar,lamp,0.65
FF_SN,Pert,guitar,leaf,0.6
FF_SN,Pert,guitar,spoon,0.5
FF_SN,Pert,guitar,tree,0.55
FF_SN,Pert,guitar,truck,0.5
FF_SN,Pert,guitar,umbrella,0.55
FF_SN,Pert,key,kite,0.5
FF_SN,Pert,key,lamp,0.95
FF_SN,Pert,key,leaf,1.0
FF_SN,Pert,key,spoon,0.65
FF_SN,Pert,key,tree,0.75
FF_SN,Pert,key,truck,0.8
FF_SN,Pert,key,umbrella,1.0
FF_SN,Pert,kite,lamp,0.65
FF_SN,Pert,kite,leaf,0.5
FF_SN,Pert,kite,spoon,0.6
FF_SN,Pert,kite,tree,0.5
FF_SN,Pert,kite,truck,0.5
FF_SN,Pert,kite,umbrella,0.5
FF_SN,Pert,lamp,leaf,0.5
FF_SN,Pert,lamp,spoon,0.6
FF_SN,Pert,lamp,tree,0.5
FF_SN,Pert,lamp,truck,0.5
FF_SN,Pert,lamp,umbrella,0.55
FF_SN,Pert,leaf,spoon,0.5
FF_SN,Pert,leaf,tree,0.4
FF_SN,Pert,leaf,truck,0.8
FF_SN,Pert,leaf,umbrella,0.4
FF_SN,Pert,rabbit,squirrel,0.45
FF_SN,Pert,rabbit,turtle,0.55
FF_SN,Pert,spoon,tree,0.7
FF_SN,Pert,spoon,truck,0.5
FF_SN,Pert,spoon,umbrella,0.5
FF_SN,Pert,squirrel,turtle,0.6
FF_SN,Pert,tree,truck,0.5
FF_SN,Pert,tree,umbrella,0.6
FF_SN,Pert,truck,umbrella,0.5
R_SN,Pert,airplane,apple,1.0
R_SN,Pert,airplane,bicycle,0.8
R_SN,Pert,airplane,chair,0.8
R_SN,Pert,airplane,flower,0.85
R_SN,Pert,airplane,fork,0.6
R_SN,Pert,airplane,guitar,0.65
R_SN,Pert,airplane,key,1.0
R_SN,Pert,airplane,kite,0.7
R_SN,Pert,airplane,lamp,1.0
R_SN,Pert,airplane,leaf,1.0
R_SN,Pert,airplane,spoon,0.7
R_SN,Pert,airplane,tree,0.8
R_SN,Pert,airplane,truck,0.5
R_SN,Pert,airplane,umbrella,0.7
R_SN,Pert,apple,bicycle,0.85
R_SN,Pert,apple,chair,1.0
R_SN,Pert,apple,flower,0.8
R_SN,Pert,apple,fork,0.85
R_SN,Pert,apple,guitar,0.65
R_SN,Pert,apple,key,0.95
R_SN,Pert,apple,kite,0.6
R_SN,Pert,apple,lamp,0.85
R_SN,Pert,apple,leaf,1.0
R_SN,Pert,apple,spoon,0.95
R_SN,Pert,apple,tree,0.75
R_SN,Pert,apple,truck,0.65
R_SN,Pert,apple,umbrella,0.7
R_SN,Pert,bear,bird,1.0
R_SN,Pert,bear,butterfly,1.0
R_SN,Pert,bear,cat,0.55
R_SN,Pert,bear,cow,0.75
R_SN,Pert,bear,dog,0.85
R_SN,Pert,bear,duck,1.0
R_SN,Pert,bear,elephant,0.9
R_SN,Pert,bear,fish,0.9
R_SN,Pert,bear,foot,1.0
R_SN,Pert,bear,frog,0.5
R_SN,Pert,bear,hand,0.95
R_SN,Pert,bear,rabbit,1.0
R_SN,Pert,bear,squirrel,0.55
R_SN,Pert,bear,turtle,0.5
R_SN,Pert,bicycle,chair,0.85
R_SN,Pert,bicycle,flower,0.85
R_SN,Pert,bicycle,fork,0.7
R_SN,Pert,bicycle,guitar,0.9
R_SN,Pert,bicycle,key,1.0
R_SN,Pert,bicycle,kite,1.0
R_SN,Pert,bicycle,lamp,0.95
R_SN,Pert,bicycle,leaf,1.0
R_SN,Pert,bicycle,spoon,0.7
R_SN,Pert,bicycle,tree,0.95
R_SN,Pert,bicycle,truck,0.5
R_SN,Pert,bicycle,umbrella,0.6
R_SN,Pert,bird,butterfly,0.95
R_SN,Pert,bird,cat,0.5
R_SN,Pert,bird,cow,0.8
R_SN,Pert,bird,dog,0.75
R_SN,Pert,bird,duck,0.65
R_SN,Pert,bird,elephant,1.0
R_SN,Pert,bird,fish,0.45
R_SN,Pert,bird,foot,0.5
R_SN,Pert,bird,frog,0.5
R_SN,Pert,bird,hand,0.6
R_SN,Pert,bird,rabbit,0.95
R_SN,Pert,bird,squirrel,0.5
R_SN,Pert,bird,turtle,0.5
R_SN,Pert,butterfly,cat,0.85
R_SN,Pert,butterfly,cow,0.95
R_SN,Pert,butterfly,dog,1.0
R_SN,Pert,butterfly,duck,1.0
R_SN,Pert,butterfly,elephant,1.0
R_SN,Pert,butterfly,fish,1.0
R_SN,Pert,butterfly,foot,0.8
R_SN,Pert,butterfly,frog,0.5
R_SN,Pert,butterfly,hand,1.0
R_SN,Pert,butterfly,rabbit,0.9
R_SN,Pert,butterfly,squirrel,0.55
R_SN,Pert,butterfly,turtle,0.55
R_SN,Pert,cat,cow,0.6
R_SN,Pert,cat,dog,0.65
R_SN,Pert,cat,duck,0.65
R_SN,Pert,cat,elephant,0.65
R_SN,Pert,cat,fish,0.5
R_SN,Pert,cat,foot,0.65
R_SN,Pert,cat,frog,0.5
R_SN,Pert,cat,hand,0.5
R_SN,Pert,cat,rabbit,0.5
R_SN,Pert,cat,squirrel,0.5
R_SN,Pert,cat,turtle,0.6
R_SN,Pert,chair,flower,0.7
R_SN,Pert,chair,fork,0.9
R_SN,Pert,chair,guitar,0.6
R_SN,Pert,chair,key,0.7
R_SN,Pert,chair,kite,0.5
R_SN,Pert,chair,lamp,0.5
R_SN,Pert,chair,leaf,0.6
R_SN,Pert,chair,spoon,0.85
R_SN,Pert,chair,tree,0.5
R_SN,Pert,chair,truck,0.5
R_SN,Pert,chair,umbrella,0.7
R_SN,Pert,cow,dog,0.6
R_SN,Pert,cow,duck,0.95
R_SN,Pert,cow,elephant,0.85
R_SN,Pert,cow,fish,0.6
R_SN,Pert,cow,foot,0.8
R_SN,Pert,cow,frog,0.6
R_SN,Pert,cow,hand,0.55
R_SN,Pert,cow,rabbit,0.9
R_SN,Pert,cow,squirrel,0.6
R_SN,Pert,cow,turtle,0.75
R_SN,Pert,dog,duck,0.95
R_SN,Pert,dog,elephant,0.85
R_SN,Pert,dog,fish,0.9
R_SN,Pert,dog,foot,0.95
R_SN,Pert,dog,frog,0.5
R_SN,Pert,dog,hand,0.85
R_SN,Pert,dog,rabbit,1.0
R_SN,Pert,dog,squirrel,0.5
R_SN,Pert,dog,turtle,0.65
R_SN,Pert,duck,elephant,1.0
R_SN,Pert,duck,fish,1.0
R_SN,Pert,duck,foot,0.9
R_SN,Pert,duck,frog,0.55
R_SN,Pert,duck,hand,0.95
R_SN,Pert,duck,rabbit,1.0
R_SN,Pert,duck,squirrel,0.5
R_SN,Pert,duck,turtle,0.6
R_SN,Pert,elephant,fish,1.0
R_SN,Pert,elephant,foot,0.9
R_SN,Pert,elephant,frog,0.5
R_SN,Pert,elephant,hand,0.95
R_SN,Pert,elephant,rabbit,1.0
R_SN,Pert,elephant,squirrel,0.55
R_SN,Pert,elephant,turtle,0.5
R_SN,Pert,fish,foot,0.55
R_SN,Pert,fish,frog,0.5
R_SN,Pert,fish,hand,0.5
R_SN,Pert,fish,rabbit,0.65
R_SN,Pert,fish,squirrel,0.5
R_SN,Pert,fish,turtle,0.5
R_SN,Pert,flower,fork,0.55
R_SN,Pert,flower,guitar,0.85
R_SN,Pert,flower,key,0.85
R_SN,Pert,flower,kite,0.55
R_SN,Pert,flower,lamp,1.0
R_SN,Pert,flower,leaf,0.35
R_SN,Pert,flower,spoon,0.85
R_SN,Pert,flower,tree,0.25
R_SN,Pert,flower,truck,0.5
R_SN,Pert,flower,umbrella,0.55
R_SN,Pert,foot,frog,0.5
R_SN,Pert,foot,hand,0.5
R_SN,Pert,foot,rabbit,0.95
R_SN,Pert,foot,squirrel,0.55
R_SN,Pert,foot,turtle,0.5
R_SN,Pert,fork,guitar,0.55
R_SN,Pert,fork,key,0.5
R_SN,Pert,fork,kite,0.5
R_SN,Pert,fork,lamp,0.8
R_SN,Pert,fork,leaf,0.5
R_SN,Pert,fork,spoon,0.5
R_SN,Pert,fork,tree,0.5
R_SN,Pert,fork,truck,0.5
R_SN,Pert,fork,umbrella,0.5
R_SN,Pert,frog,hand,0.5
R_SN,Pert,frog,rabbit,0.5
R_SN,Pert,frog,squirrel,0.45
R_SN,Pert,frog,turtle,0.65
R_SN,Pert,hand,rabbit,0.7
R_SN,Pert,hand,squirrel,0.5
R_SN,Pert,hand,turtle,0.5
R_SN,Pert,guitar,key,0.5
R_SN,Pert,guitar,kite,0.5
R_SN,Pert,guitar,lamp,0.75
R_SN,Pert,guitar,leaf,0.65
R_SN,Pert,guitar,spoon,0.55
R_SN,Pert,guitar,tree,0.55
R_SN,Pert,guitar,truck,0.5
R_SN,Pert,guitar,umbrella,0.65
R_SN,Pert,key,kite,0.6
R_SN,Pert,key,lamp,1.0
R_SN,Pert,key,leaf,1.0
R_SN,Pert,key,spoon,0.55
R_SN,Pert,key,tree,0.6
R_SN,Pert,key,truck,0.5
R_SN,Pert,key,umbrella,0.7
R_SN,Pert,kite,lamp,0.95
R_SN,Pert,kite,leaf,0.75
R_SN,Pert,kite,spoon,0.5
R_SN,Pert,kite,tree,0.55
R_SN,Pert,kite,truck,0.5
R_SN,Pert,kite,umbrella,0.5
R_SN,Pert,lamp,leaf,1.0
R_SN,Pert,lamp,spoon,0.9
R_SN,Pert,lamp,tree,0.8
R_SN,Pert,lamp,truck,0.5
R_SN,Pert,lamp,umbrella,0.65
R_SN,Pert,leaf,spoon,0.75
R_SN,Pert,leaf,tree,0.45
R_SN,Pert,leaf,truck,0.5
R_SN,Pert,leaf,umbrella,0.5
R_SN,Pert,rabbit,squirrel,0.5
R_SN,Pert,rabbit,turtle,0.6
R_SN,Pert,spoon,tree,0.55
R_SN,Pert,spoon,truck,0.55
R_SN,Pert,spoon,umbrella,0.5
R_SN,Pert,squirrel,turtle,0.55
R_SN,Pert,tree,truck,0.5
R_SN,Pert,tree,umbrella,0.45
R_SN,Pert,truck,umbrella,0.6
